-- phpMyAdmin SQL Dump
-- version 4.6.6deb5
-- https://www.phpmyadmin.net/
--
-- Client :  localhost:3306
-- Généré le :  Lun 09 Mars 2020 à 15:32
-- Version du serveur :  10.3.17-MariaDB-0+deb10u1
-- Version de PHP :  7.3.11-1~deb10u1

SET SQL_MODE = "NO_AUTO_VALUE_ON_ZERO";
SET time_zone = "+00:00";


/*!40101 SET @OLD_CHARACTER_SET_CLIENT=@@CHARACTER_SET_CLIENT */;
/*!40101 SET @OLD_CHARACTER_SET_RESULTS=@@CHARACTER_SET_RESULTS */;
/*!40101 SET @OLD_COLLATION_CONNECTION=@@COLLATION_CONNECTION */;
/*!40101 SET NAMES utf8mb4 */;

--
-- Base de données :  `JAVADOMO`
--

--
-- Contenu de la table `bulbs`
--

INSERT INTO `bulbs` (`id`, `bulbs_name`, `room_id`, `status`, `color`, `start_time`, `end_time`) VALUES
(5, 'Ampoule Chambre 1', 4, 'scheduled', 'white', '10:25:05', '13:25:05'),
(6, 'Salon 3', 5, 'off', 'red', '00:00:00', '00:00:00'),
(7, 'Cuisine 2', 7, 'on', 'yellow', '00:00:00', '00:00:00'),
(8, 'Chambre 2', 8, 'off', 'pink', '00:00:00', '00:00:00'),
(9, 'Garage 1', 9, 'on', 'purple', '00:00:00', '00:00:00'),
(23, 'ampoule etage 1', 165, 'scheduled', 'white', '00:00:00', '00:00:00'),
(24, 'ampoule etage 2', 165, 'on', 'white', '00:00:00', '00:00:00'),
(25, 'ampoule salon 1', 164, 'on', 'white', '00:00:00', '00:00:00'),
(26, 'ampoule salon 2', 164, 'on', 'green', '00:00:00', '00:00:00');

--
-- Contenu de la table `camera`
--

INSERT INTO `camera` (`id`, `camera_name`, `room_id`, `status`, `detection_range`, `start_time`, `end_time`) VALUES
(3, 'camera jardin', 10, 'on', '2', '00:00:00', '00:00:00'),
(4, 'camera garage', 9, 'on', '2', '00:00:00', '00:00:00'),
(5, 'camera chambre', 8, 'off', '2', '00:00:00', '00:00:00'),
(6, 'camera salon', 5, 'off', '2', '00:00:00', '00:00:00'),
(15, 'camera chambre', 1, 'off', '2', '00:00:00', '00:00:01'),
(16, 'camera salon', 2, 'off', '2', '00:00:00', '00:00:00');

--
-- Contenu de la table `data_bulbs`
--

INSERT INTO `data_bulbs` (`id`, `bulb_id`, `action`, `action_date`) VALUES
(1, 23, 0, '2020-02-03 16:12:41'),
(2, 24, 0, '2020-02-03 16:12:45'),
(3, 25, 1, '2020-02-03 16:12:49'),
(4, 26, 1, '2020-02-03 16:12:52'),
(5, 25, 0, '2020-02-03 16:14:57'),
(6, 23, 1, '2020-02-03 16:15:09'),
(7, 23, 0, '2020-02-04 09:33:48'),
(8, 23, 1, '2020-02-04 09:34:06'),
(9, 23, 0, '2020-02-04 09:34:52'),
(10, 23, 1, '2020-02-04 09:35:04'),
(11, 26, 0, '2020-02-04 10:13:04'),
(12, 23, 1, '2020-02-04 10:13:07'),
(13, 23, 0, '2020-02-04 10:39:30'),
(14, 23, 1, '2020-02-04 11:04:58'),
(15, 23, 1, '2020-02-04 15:23:27'),
(16, 23, 0, '2020-02-04 15:25:43'),
(17, 23, 1, '2020-02-04 15:37:36'),
(18, 23, 0, '2020-02-05 10:19:52'),
(19, 24, 1, '2020-02-05 10:46:25'),
(20, 26, 1, '2020-02-05 10:46:37'),
(21, 25, 1, '2020-02-05 10:47:16'),
(22, 26, 0, '2020-02-05 10:47:26'),
(23, 25, 0, '2020-02-05 10:47:31'),
(24, 24, 0, '2020-02-05 10:48:23'),
(25, 23, 1, '2020-02-07 09:30:48'),
(26, 26, 1, '2020-02-07 09:31:06'),
(27, 26, 0, '2020-02-07 09:31:24'),
(28, 23, 0, '2020-02-07 09:31:27'),
(29, 23, 1, '2020-02-07 09:31:31'),
(30, 23, 0, '2020-02-07 09:47:54'),
(31, 26, 1, '2020-02-07 09:51:40'),
(32, 25, 1, '2020-03-02 17:07:26'),
(33, 25, 0, '2020-03-02 17:10:01'),
(34, 25, 1, '2020-03-02 17:26:15'),
(35, 25, 0, '2020-03-02 17:37:24'),
(36, 26, 1, '2020-03-02 17:37:37'),
(37, 25, 1, '2020-03-04 16:01:11'),
(38, 25, 1, '2020-03-04 16:09:12'),
(39, 24, 1, '2020-03-04 16:12:32'),
(40, 26, 1, '2020-03-04 16:12:56'),
(41, 26, 1, '2020-03-04 16:13:08'),
(42, 26, 1, '2020-03-04 16:13:17'),
(43, 26, 1, '2020-03-04 16:13:24');

--
-- Contenu de la table `data_temp`
--

INSERT INTO `data_temp` (`id`, `sensor_id`, `temp_value`, `capture_date`) VALUES
(1, 1, 20, '2019-12-01 12:05:00'),
(2, 1, 20.5, '2019-12-01 12:10:00'),
(3, 1, 20, '2019-12-01 12:15:00'),
(4, 1, 19.5, '2019-12-01 12:20:00'),
(5, 1, 19.5, '2019-12-01 12:25:00'),
(6, 2, 20, '2019-12-01 12:05:00'),
(7, 2, 20.5, '2019-12-01 12:10:00'),
(8, 2, 20, '2019-12-01 12:15:00'),
(9, 2, 19.5, '2019-12-01 12:20:00'),
(10, 2, 19.5, '2019-12-01 12:25:00'),
(11, 3, 20, '2019-12-01 12:05:00'),
(12, 3, 20.5, '2019-12-01 12:10:00'),
(13, 3, 20, '2019-12-01 12:15:00'),
(14, 3, 19.5, '2019-12-01 12:20:00'),
(15, 3, 19.5, '2019-12-01 12:25:00'),
(21, 5, 20, '2019-12-01 12:05:00'),
(22, 5, 20.5, '2019-12-01 12:10:00'),
(23, 5, 20, '2019-12-01 12:15:00'),
(24, 5, 19.5, '2019-12-01 12:20:00'),
(25, 5, 19.5, '2019-12-01 12:25:00'),
(26, 6, 20, '2019-12-01 12:05:00'),
(27, 6, 20.5, '2019-12-01 12:10:00'),
(28, 6, 20, '2019-12-01 12:15:00'),
(29, 6, 19.5, '2019-12-01 12:20:00'),
(30, 6, 19.5, '2019-12-01 12:25:00'),
(31, 7, 20, '2019-12-01 12:05:00'),
(32, 7, 20.5, '2019-12-01 12:10:00'),
(33, 7, 20, '2019-12-01 12:15:00'),
(34, 7, 19.5, '2019-12-01 12:20:00'),
(35, 7, 19.5, '2019-12-01 12:25:00'),
(36, 8, 20, '2019-12-01 12:05:00'),
(37, 8, 20.5, '2019-12-01 12:10:00'),
(38, 8, 20, '2019-12-01 12:15:00'),
(39, 8, 19.5, '2019-12-01 12:20:00'),
(40, 8, 19.5, '2019-12-01 12:25:00'),
(41, 9, 20, '2019-12-01 12:05:00'),
(42, 9, 20.5, '2019-12-01 12:10:00'),
(43, 9, 20, '2019-12-01 12:15:00'),
(44, 9, 19.5, '2019-12-01 12:20:00'),
(45, 9, 19.5, '2019-12-01 12:25:00'),
(46, 10, 20, '2019-12-01 12:05:00'),
(47, 10, 20.5, '2019-12-01 12:10:00'),
(48, 10, 20, '2019-12-01 12:15:00'),
(49, 10, 19.5, '2019-12-01 12:20:00'),
(50, 10, 19.5, '2019-12-01 12:25:00'),
(51, 11, 20, '2019-12-01 12:05:00'),
(52, 11, 20.5, '2019-12-01 12:10:00'),
(53, 11, 20, '2019-12-01 12:15:00'),
(54, 11, 19.5, '2019-12-01 12:20:00'),
(55, 11, 19.5, '2019-12-01 12:25:00'),
(56, 12, 20, '2019-12-01 12:05:00'),
(57, 12, 20.5, '2019-12-01 12:10:00'),
(58, 12, 20, '2019-12-01 12:15:00'),
(59, 12, 19.5, '2019-12-01 12:20:00'),
(60, 12, 19.5, '2019-12-01 12:25:00'),
(61, 13, 20, '2019-12-01 12:05:00'),
(62, 13, 20.5, '2019-12-01 12:10:00'),
(63, 13, 19.5, '2019-12-01 12:15:00'),
(64, 14, 19.5, '2019-12-01 12:20:00'),
(65, 14, 19.5, '2019-12-01 12:25:00'),
(66, 14, 20, '2019-12-01 12:30:00'),
(67, 15, 20.5, '2019-12-01 12:10:00'),
(68, 15, 20, '2019-12-01 12:15:00'),
(69, 15, 19.5, '2019-12-01 12:20:00'),
(70, 16, 19.5, '2019-12-01 12:00:00'),
(71, 16, 20, '2019-12-01 12:05:00'),
(72, 16, 20.5, '2019-12-01 12:10:00'),
(73, 17, 20, '2019-12-01 12:15:00'),
(74, 17, 20.5, '2019-12-01 12:20:00'),
(75, 17, 19.5, '2019-12-01 12:25:00'),
(76, 18, 19.5, '2019-12-01 12:05:00'),
(77, 18, 20.5, '2019-12-01 12:10:00'),
(78, 18, 20, '2019-12-01 12:15:00'),
(79, 19, 19.5, '2019-12-01 12:20:00'),
(80, 19, 19.5, '2019-12-01 12:25:00'),
(81, 19, 20.5, '2019-12-01 12:30:00'),
(82, 20, 20.5, '2019-12-01 12:10:00'),
(83, 20, 20, '2019-12-01 12:15:00'),
(84, 20, 19.5, '2019-12-01 12:20:00'),
(85, 21, 19.5, '2019-12-01 12:00:00'),
(86, 21, 20, '2019-12-01 12:05:00'),
(87, 21, 20.5, '2019-12-01 12:10:00'),
(88, 22, 20, '2019-12-01 12:15:00'),
(89, 22, 20.5, '2019-12-01 12:20:00'),
(90, 22, 19.5, '2019-12-01 12:25:00'),
(91, 23, 19.5, '2019-12-01 12:05:00'),
(92, 23, 20.5, '2019-12-01 12:10:00'),
(93, 23, 20, '2019-12-01 12:15:00'),
(94, 24, 19.5, '2019-12-01 12:20:00'),
(95, 24, 19.5, '2019-12-01 12:25:00'),
(96, 24, 20.5, '2019-12-01 12:30:00'),
(97, 1, 20, '2019-11-02 12:05:00'),
(98, 1, 20.5, '2019-11-02 12:10:00'),
(99, 1, 20, '2019-11-02 12:15:00'),
(100, 1, 19.5, '2019-11-02 12:20:00'),
(101, 1, 19.5, '2019-11-02 12:25:00'),
(102, 2, 20, '2019-11-02 12:05:00'),
(103, 2, 20.5, '2019-11-02 12:10:00'),
(104, 2, 20, '2019-11-02 12:15:00'),
(105, 2, 19.5, '2019-11-02 12:20:00'),
(106, 2, 19.5, '2019-11-02 12:25:00'),
(107, 3, 20, '2019-11-02 12:05:00'),
(108, 3, 20.5, '2019-11-02 12:10:00'),
(109, 3, 20, '2019-11-02 12:15:00'),
(110, 3, 19.5, '2019-11-02 12:20:00'),
(111, 3, 19.5, '2019-11-02 12:25:00'),
(117, 5, 20, '2019-11-02 12:05:00'),
(118, 5, 20.5, '2019-11-02 12:10:00'),
(119, 5, 20, '2019-11-02 12:15:00'),
(120, 5, 19.5, '2019-11-02 12:20:00'),
(121, 5, 19.5, '2019-11-02 12:25:00'),
(122, 6, 20, '2019-11-02 12:05:00'),
(123, 6, 20.5, '2019-11-02 12:10:00'),
(124, 6, 20, '2019-11-02 12:15:00'),
(125, 6, 19.5, '2019-11-02 12:20:00'),
(126, 6, 19.5, '2019-11-02 12:25:00'),
(127, 7, 20, '2019-11-02 12:05:00'),
(128, 7, 20.5, '2019-11-02 12:10:00'),
(129, 7, 20, '2019-11-02 12:15:00'),
(130, 7, 19.5, '2019-11-02 12:20:00'),
(131, 7, 19.5, '2019-11-02 12:25:00'),
(132, 8, 20, '2019-11-02 12:05:00'),
(133, 8, 20.5, '2019-11-02 12:10:00'),
(134, 8, 20, '2019-11-02 12:15:00'),
(135, 8, 19.5, '2019-11-02 12:20:00'),
(136, 8, 19.5, '2019-11-02 12:25:00'),
(137, 9, 20, '2019-11-02 12:05:00'),
(138, 9, 20.5, '2019-11-02 12:10:00'),
(139, 9, 20, '2019-11-02 12:15:00'),
(140, 9, 19.5, '2019-11-02 12:20:00'),
(141, 9, 19.5, '2019-11-02 12:25:00'),
(142, 10, 20, '2019-11-02 12:05:00'),
(143, 10, 20.5, '2019-11-02 12:10:00'),
(144, 10, 20, '2019-11-02 12:15:00'),
(145, 10, 19.5, '2019-11-02 12:20:00'),
(146, 10, 19.5, '2019-11-02 12:25:00'),
(147, 11, 20, '2019-11-02 12:05:00'),
(148, 11, 20.5, '2019-11-02 12:10:00'),
(149, 11, 20, '2019-11-02 12:15:00'),
(150, 11, 19.5, '2019-11-02 12:20:00'),
(151, 11, 19.5, '2019-11-02 12:25:00'),
(152, 12, 20, '2019-11-02 12:05:00'),
(153, 12, 20.5, '2019-11-02 12:10:00'),
(154, 12, 20, '2019-11-02 12:15:00'),
(155, 12, 19.5, '2019-11-02 12:20:00'),
(156, 12, 19.5, '2019-11-02 12:25:00'),
(157, 13, 20, '2019-11-02 12:05:00'),
(158, 13, 20.5, '2019-11-02 12:10:00'),
(159, 13, 19.5, '2019-11-02 12:15:00'),
(160, 14, 19.5, '2019-11-02 12:20:00'),
(161, 14, 19.5, '2019-11-02 12:25:00'),
(162, 14, 20, '2019-11-02 12:30:00'),
(163, 15, 20.5, '2019-11-02 12:10:00'),
(164, 15, 20, '2019-11-02 12:15:00'),
(165, 15, 19.5, '2019-11-02 12:20:00'),
(166, 16, 19.5, '2019-11-02 12:00:00'),
(167, 16, 20, '2019-11-02 12:05:00'),
(168, 16, 20.5, '2019-11-02 12:10:00'),
(169, 17, 20, '2019-11-02 12:15:00'),
(170, 17, 20.5, '2019-11-02 12:20:00'),
(171, 17, 19.5, '2019-11-02 12:25:00'),
(172, 18, 19.5, '2019-11-02 12:05:00'),
(173, 18, 20.5, '2019-11-02 12:10:00'),
(174, 18, 20, '2019-11-02 12:15:00'),
(175, 19, 19.5, '2019-11-02 12:20:00'),
(176, 19, 19.5, '2019-11-02 12:25:00'),
(177, 19, 20.5, '2019-11-02 12:30:00'),
(178, 20, 20.5, '2019-11-02 12:10:00'),
(179, 20, 20, '2019-11-02 12:15:00'),
(180, 20, 19.5, '2019-11-02 12:20:00'),
(181, 21, 19.5, '2019-11-02 12:00:00'),
(182, 21, 20, '2019-11-02 12:05:00'),
(183, 21, 20.5, '2019-11-02 12:10:00'),
(184, 22, 20, '2019-11-02 12:15:00'),
(185, 22, 20.5, '2019-11-02 12:20:00'),
(186, 22, 19.5, '2019-11-02 12:25:00'),
(187, 23, 19.5, '2019-11-02 12:05:00'),
(188, 23, 20.5, '2019-11-02 12:10:00'),
(189, 23, 20, '2019-11-02 12:15:00'),
(190, 24, 19.5, '2019-11-02 12:20:00'),
(191, 24, 19.5, '2019-11-02 12:25:00'),
(192, 24, 20.5, '2019-11-02 12:30:00'),
(193, 1, 20, '2019-11-03 12:05:00'),
(194, 1, 20.5, '2019-11-03 12:10:00'),
(195, 1, 20, '2019-11-03 12:15:00'),
(196, 1, 19.5, '2019-11-03 12:20:00'),
(197, 1, 19.5, '2019-11-03 12:25:00'),
(198, 2, 20, '2019-11-03 12:05:00'),
(199, 2, 20.5, '2019-11-03 12:10:00'),
(200, 2, 20, '2019-11-03 12:15:00'),
(201, 2, 19.5, '2019-11-03 12:20:00'),
(202, 2, 19.5, '2019-11-03 12:25:00'),
(203, 3, 20, '2019-11-03 12:05:00'),
(204, 3, 20.5, '2019-11-03 12:10:00'),
(205, 3, 20, '2019-11-03 12:15:00'),
(206, 3, 19.5, '2019-11-03 12:20:00'),
(207, 3, 19.5, '2019-11-03 12:25:00'),
(213, 5, 20, '2019-11-03 12:05:00'),
(214, 5, 20.5, '2019-11-03 12:10:00'),
(215, 5, 20, '2019-11-03 12:15:00'),
(216, 5, 19.5, '2019-11-03 12:20:00'),
(217, 5, 19.5, '2019-11-03 12:25:00'),
(218, 6, 20, '2019-11-03 12:05:00'),
(219, 6, 20.5, '2019-11-03 12:10:00'),
(220, 6, 20, '2019-11-03 12:15:00'),
(221, 6, 19.5, '2019-11-03 12:20:00'),
(222, 6, 19.5, '2019-11-03 12:25:00'),
(223, 7, 20, '2019-11-03 12:05:00'),
(224, 7, 20.5, '2019-11-03 12:10:00'),
(225, 7, 20, '2019-11-03 12:15:00'),
(226, 7, 19.5, '2019-11-03 12:20:00'),
(227, 7, 19.5, '2019-11-03 12:25:00'),
(228, 8, 20, '2019-11-03 12:05:00'),
(229, 8, 20.5, '2019-11-03 12:10:00'),
(230, 8, 20, '2019-11-03 12:15:00'),
(231, 8, 19.5, '2019-11-03 12:20:00'),
(232, 8, 19.5, '2019-11-03 12:25:00'),
(233, 9, 20, '2019-11-03 12:05:00'),
(234, 9, 20.5, '2019-11-03 12:10:00'),
(235, 9, 20, '2019-11-03 12:15:00'),
(236, 9, 19.5, '2019-11-03 12:20:00'),
(237, 9, 19.5, '2019-11-03 12:25:00'),
(238, 10, 20, '2019-11-03 12:05:00'),
(239, 10, 20.5, '2019-11-03 12:10:00'),
(240, 10, 20, '2019-11-03 12:15:00'),
(241, 10, 19.5, '2019-11-03 12:20:00'),
(242, 10, 19.5, '2019-11-03 12:25:00'),
(243, 11, 20, '2019-11-03 12:05:00'),
(244, 11, 20.5, '2019-11-03 12:10:00'),
(245, 11, 20, '2019-11-03 12:15:00'),
(246, 11, 19.5, '2019-11-03 12:20:00'),
(247, 11, 19.5, '2019-11-03 12:25:00'),
(248, 12, 20, '2019-11-03 12:05:00'),
(249, 12, 20.5, '2019-11-03 12:10:00'),
(250, 12, 20, '2019-11-03 12:15:00'),
(251, 12, 19.5, '2019-11-03 12:20:00'),
(252, 12, 19.5, '2019-11-03 12:25:00'),
(253, 13, 20, '2019-11-03 12:05:00'),
(254, 13, 20.5, '2019-11-03 12:10:00'),
(255, 13, 19.5, '2019-11-03 12:15:00'),
(256, 14, 19.5, '2019-11-03 12:20:00'),
(257, 14, 19.5, '2019-11-03 12:25:00'),
(258, 14, 20, '2019-11-03 12:30:00'),
(259, 15, 20.5, '2019-11-03 12:10:00'),
(260, 15, 20, '2019-11-03 12:15:00'),
(261, 15, 19.5, '2019-11-03 12:20:00'),
(262, 16, 19.5, '2019-11-03 12:00:00'),
(263, 16, 20, '2019-11-03 12:05:00'),
(264, 16, 20.5, '2019-11-03 12:10:00'),
(265, 17, 20, '2019-11-03 12:15:00'),
(266, 17, 20.5, '2019-11-03 12:20:00'),
(267, 17, 19.5, '2019-11-03 12:25:00'),
(268, 18, 19.5, '2019-11-03 12:05:00'),
(269, 18, 20.5, '2019-11-03 12:10:00'),
(270, 18, 20, '2019-11-03 12:15:00'),
(271, 19, 19.5, '2019-11-03 12:20:00'),
(272, 19, 19.5, '2019-11-03 12:25:00'),
(273, 19, 20.5, '2019-11-03 12:30:00'),
(274, 20, 20.5, '2019-11-03 12:10:00'),
(275, 20, 20, '2019-11-03 12:15:00'),
(276, 20, 19.5, '2019-11-03 12:20:00'),
(277, 21, 19.5, '2019-11-03 12:00:00'),
(278, 21, 20, '2019-11-03 12:05:00'),
(279, 21, 20.5, '2019-11-03 12:10:00'),
(280, 22, 20, '2019-11-03 12:15:00'),
(281, 22, 20.5, '2019-11-03 12:20:00'),
(282, 22, 19.5, '2019-11-03 12:25:00'),
(283, 23, 19.5, '2019-11-03 12:05:00'),
(284, 23, 20.5, '2019-11-03 12:10:00'),
(285, 23, 20, '2019-11-03 12:15:00'),
(286, 24, 19.5, '2019-11-03 12:20:00'),
(287, 24, 19.5, '2019-11-03 12:25:00'),
(288, 24, 20.5, '2019-11-03 12:30:00'),
(289, 1, 20, '2019-11-04 12:05:00'),
(290, 1, 20.5, '2019-11-04 12:10:00'),
(291, 1, 20, '2019-11-04 12:15:00'),
(292, 1, 19.5, '2019-11-04 12:20:00'),
(293, 1, 19.5, '2019-11-04 12:25:00'),
(294, 2, 20, '2019-11-04 12:05:00'),
(295, 2, 20.5, '2019-11-04 12:10:00'),
(296, 2, 20, '2019-11-04 12:15:00'),
(297, 2, 19.5, '2019-11-04 12:20:00'),
(298, 2, 19.5, '2019-11-04 12:25:00'),
(299, 3, 20, '2019-11-04 12:05:00'),
(300, 3, 20.5, '2019-11-04 12:10:00'),
(301, 3, 20, '2019-11-04 12:15:00'),
(302, 3, 19.5, '2019-11-04 12:20:00'),
(303, 3, 19.5, '2019-11-04 12:25:00'),
(309, 5, 20, '2019-11-04 12:05:00'),
(310, 5, 20.5, '2019-11-04 12:10:00'),
(311, 5, 20, '2019-11-04 12:15:00'),
(312, 5, 19.5, '2019-11-04 12:20:00'),
(313, 5, 19.5, '2019-11-04 12:25:00'),
(314, 6, 20, '2019-11-04 12:05:00'),
(315, 6, 20.5, '2019-11-04 12:10:00'),
(316, 6, 20, '2019-11-04 12:15:00'),
(317, 6, 19.5, '2019-11-04 12:20:00'),
(318, 6, 19.5, '2019-11-04 12:25:00'),
(319, 7, 20, '2019-11-04 12:05:00'),
(320, 7, 20.5, '2019-11-04 12:10:00'),
(321, 7, 20, '2019-11-04 12:15:00'),
(322, 7, 19.5, '2019-11-04 12:20:00'),
(323, 7, 19.5, '2019-11-04 12:25:00'),
(324, 8, 20, '2019-11-04 12:05:00'),
(325, 8, 20.5, '2019-11-04 12:10:00'),
(326, 8, 20, '2019-11-04 12:15:00'),
(327, 8, 19.5, '2019-11-04 12:20:00'),
(328, 8, 19.5, '2019-11-04 12:25:00'),
(329, 9, 20, '2019-11-04 12:05:00'),
(330, 9, 20.5, '2019-11-04 12:10:00'),
(331, 9, 20, '2019-11-04 12:15:00'),
(332, 9, 19.5, '2019-11-04 12:20:00'),
(333, 9, 19.5, '2019-11-04 12:25:00'),
(334, 10, 20, '2019-11-04 12:05:00'),
(335, 10, 20.5, '2019-11-04 12:10:00'),
(336, 10, 20, '2019-11-04 12:15:00'),
(337, 10, 19.5, '2019-11-04 12:20:00'),
(338, 10, 19.5, '2019-11-04 12:25:00'),
(339, 11, 20, '2019-11-04 12:05:00'),
(340, 11, 20.5, '2019-11-04 12:10:00'),
(341, 11, 20, '2019-11-04 12:15:00'),
(342, 11, 19.5, '2019-11-04 12:20:00'),
(343, 11, 19.5, '2019-11-04 12:25:00'),
(344, 12, 20, '2019-11-04 12:05:00'),
(345, 12, 20.5, '2019-11-04 12:10:00'),
(346, 12, 20, '2019-11-04 12:15:00'),
(347, 12, 19.5, '2019-11-04 12:20:00'),
(348, 12, 19.5, '2019-11-04 12:25:00'),
(349, 13, 20, '2019-11-04 12:05:00'),
(350, 13, 20.5, '2019-11-04 12:10:00'),
(351, 13, 19.5, '2019-11-04 12:15:00'),
(352, 14, 19.5, '2019-11-04 12:20:00'),
(353, 14, 19.5, '2019-11-04 12:25:00'),
(354, 14, 20, '2019-11-04 12:30:00'),
(355, 15, 20.5, '2019-11-04 12:10:00'),
(356, 15, 20, '2019-11-04 12:15:00'),
(357, 15, 19.5, '2019-11-04 12:20:00'),
(358, 16, 19.5, '2019-11-04 12:00:00'),
(359, 16, 20, '2019-11-04 12:05:00'),
(360, 16, 20.5, '2019-11-04 12:10:00'),
(361, 17, 20, '2019-11-04 12:15:00'),
(362, 17, 20.5, '2019-11-04 12:20:00'),
(363, 17, 19.5, '2019-11-04 12:25:00'),
(364, 18, 19.5, '2019-11-04 12:05:00'),
(365, 18, 20.5, '2019-11-04 12:10:00'),
(366, 18, 20, '2019-11-04 12:15:00'),
(367, 19, 19.5, '2019-11-04 12:20:00'),
(368, 19, 19.5, '2019-11-04 12:25:00'),
(369, 19, 20.5, '2019-11-04 12:30:00'),
(370, 20, 20.5, '2019-11-04 12:10:00'),
(371, 20, 20, '2019-11-04 12:15:00'),
(372, 20, 19.5, '2019-11-04 12:20:00'),
(373, 21, 19.5, '2019-11-04 12:00:00'),
(374, 21, 20, '2019-11-04 12:05:00'),
(375, 21, 20.5, '2019-11-04 12:10:00'),
(376, 22, 20, '2019-11-04 12:15:00'),
(377, 22, 20.5, '2019-11-04 12:20:00'),
(378, 22, 19.5, '2019-11-04 12:25:00'),
(379, 23, 19.5, '2019-11-04 12:05:00'),
(380, 23, 20.5, '2019-11-04 12:10:00'),
(381, 23, 20, '2019-11-04 12:15:00'),
(382, 24, 19.5, '2019-11-04 12:20:00'),
(383, 24, 19.5, '2019-11-04 12:25:00'),
(384, 24, 20.5, '2019-11-04 12:30:00'),
(385, 1, 20, '2019-11-05 12:05:00'),
(386, 1, 20.5, '2019-11-05 12:10:00'),
(387, 1, 20, '2019-11-05 12:15:00'),
(388, 1, 19.5, '2019-11-05 12:20:00'),
(389, 1, 19.5, '2019-11-05 12:25:00'),
(390, 2, 20, '2019-11-05 12:05:00'),
(391, 2, 20.5, '2019-11-05 12:10:00'),
(392, 2, 20, '2019-11-05 12:15:00'),
(393, 2, 19.5, '2019-11-05 12:20:00'),
(394, 2, 19.5, '2019-11-05 12:25:00'),
(395, 3, 20, '2019-11-05 12:05:00'),
(396, 3, 20.5, '2019-11-05 12:10:00'),
(397, 3, 20, '2019-11-05 12:15:00'),
(398, 3, 19.5, '2019-11-05 12:20:00'),
(399, 3, 19.5, '2019-11-05 12:25:00'),
(405, 5, 20, '2019-11-05 12:05:00'),
(406, 5, 20.5, '2019-11-05 12:10:00'),
(407, 5, 20, '2019-11-05 12:15:00'),
(408, 5, 19.5, '2019-11-05 12:20:00'),
(409, 5, 19.5, '2019-11-05 12:25:00'),
(410, 6, 20, '2019-11-05 12:05:00'),
(411, 6, 20.5, '2019-11-05 12:10:00'),
(412, 6, 20, '2019-11-05 12:15:00'),
(413, 6, 19.5, '2019-11-05 12:20:00'),
(414, 6, 19.5, '2019-11-05 12:25:00'),
(415, 7, 20, '2019-11-05 12:05:00'),
(416, 7, 20.5, '2019-11-05 12:10:00'),
(417, 7, 20, '2019-11-05 12:15:00'),
(418, 7, 19.5, '2019-11-05 12:20:00'),
(419, 7, 19.5, '2019-11-05 12:25:00'),
(420, 8, 20, '2019-11-05 12:05:00'),
(421, 8, 20.5, '2019-11-05 12:10:00'),
(422, 8, 20, '2019-11-05 12:15:00'),
(423, 8, 19.5, '2019-11-05 12:20:00'),
(424, 8, 19.5, '2019-11-05 12:25:00'),
(425, 9, 20, '2019-11-05 12:05:00'),
(426, 9, 20.5, '2019-11-05 12:10:00'),
(427, 9, 20, '2019-11-05 12:15:00'),
(428, 9, 19.5, '2019-11-05 12:20:00'),
(429, 9, 19.5, '2019-11-05 12:25:00'),
(430, 10, 20, '2019-11-05 12:05:00'),
(431, 10, 20.5, '2019-11-05 12:10:00'),
(432, 10, 20, '2019-11-05 12:15:00'),
(433, 10, 19.5, '2019-11-05 12:20:00'),
(434, 10, 19.5, '2019-11-05 12:25:00'),
(435, 11, 20, '2019-11-05 12:05:00'),
(436, 11, 20.5, '2019-11-05 12:10:00'),
(437, 11, 20, '2019-11-05 12:15:00'),
(438, 11, 19.5, '2019-11-05 12:20:00'),
(439, 11, 19.5, '2019-11-05 12:25:00'),
(440, 12, 20, '2019-11-05 12:05:00'),
(441, 12, 20.5, '2019-11-05 12:10:00'),
(442, 12, 20, '2019-11-05 12:15:00'),
(443, 12, 19.5, '2019-11-05 12:20:00'),
(444, 12, 19.5, '2019-11-05 12:25:00'),
(445, 13, 20, '2019-11-05 12:05:00'),
(446, 13, 20.5, '2019-11-05 12:10:00'),
(447, 13, 19.5, '2019-11-05 12:15:00'),
(448, 14, 19.5, '2019-11-05 12:20:00'),
(449, 14, 19.5, '2019-11-05 12:25:00'),
(450, 14, 20, '2019-11-05 12:30:00'),
(451, 15, 20.5, '2019-11-05 12:10:00'),
(452, 15, 20, '2019-11-05 12:15:00'),
(453, 15, 19.5, '2019-11-05 12:20:00'),
(454, 16, 19.5, '2019-11-05 12:00:00'),
(455, 16, 20, '2019-11-05 12:05:00'),
(456, 16, 20.5, '2019-11-05 12:10:00'),
(457, 17, 20, '2019-11-05 12:15:00'),
(458, 17, 20.5, '2019-11-05 12:20:00'),
(459, 17, 19.5, '2019-11-05 12:25:00'),
(460, 18, 19.5, '2019-11-05 12:05:00'),
(461, 18, 20.5, '2019-11-05 12:10:00'),
(462, 18, 20, '2019-11-05 12:15:00'),
(463, 19, 19.5, '2019-11-05 12:20:00'),
(464, 19, 19.5, '2019-11-05 12:25:00'),
(465, 19, 20.5, '2019-11-05 12:30:00'),
(466, 20, 20.5, '2019-11-05 12:10:00'),
(467, 20, 20, '2019-11-05 12:15:00'),
(468, 20, 19.5, '2019-11-05 12:20:00'),
(469, 21, 19.5, '2019-11-05 12:00:00'),
(470, 21, 20, '2019-11-05 12:05:00'),
(471, 21, 20.5, '2019-11-05 12:10:00'),
(472, 22, 20, '2019-11-05 12:15:00'),
(473, 22, 20.5, '2019-11-05 12:20:00'),
(474, 22, 19.5, '2019-11-05 12:25:00'),
(475, 23, 19.5, '2019-11-05 12:05:00'),
(476, 23, 20.5, '2019-11-05 12:10:00'),
(477, 23, 20, '2019-11-05 12:15:00'),
(478, 24, 19.5, '2019-11-05 12:20:00'),
(479, 24, 19.5, '2019-11-05 12:25:00'),
(480, 24, 20.5, '2019-11-05 12:30:00'),
(481, 1, 20, '2019-11-06 12:05:00'),
(482, 1, 20.5, '2019-11-06 12:10:00'),
(483, 1, 20, '2019-11-06 12:15:00'),
(484, 1, 19.5, '2019-11-06 12:20:00'),
(485, 1, 19.5, '2019-11-06 12:25:00'),
(486, 2, 20, '2019-11-06 12:05:00'),
(487, 2, 20.5, '2019-11-06 12:10:00'),
(488, 2, 20, '2019-11-06 12:15:00'),
(489, 2, 19.5, '2019-11-06 12:20:00'),
(490, 2, 19.5, '2019-11-06 12:25:00'),
(491, 3, 20, '2019-11-06 12:05:00'),
(492, 3, 20.5, '2019-11-06 12:10:00'),
(493, 3, 20, '2019-11-06 12:15:00'),
(494, 3, 19.5, '2019-11-06 12:20:00'),
(495, 3, 19.5, '2019-11-06 12:25:00'),
(501, 5, 20, '2019-11-06 12:05:00'),
(502, 5, 20.5, '2019-11-06 12:10:00'),
(503, 5, 20, '2019-11-06 12:15:00'),
(504, 5, 19.5, '2019-11-06 12:20:00'),
(505, 5, 19.5, '2019-11-06 12:25:00'),
(506, 6, 20, '2019-11-06 12:05:00'),
(507, 6, 20.5, '2019-11-06 12:10:00'),
(508, 6, 20, '2019-11-06 12:15:00'),
(509, 6, 19.5, '2019-11-06 12:20:00'),
(510, 6, 19.5, '2019-11-06 12:25:00'),
(511, 7, 20, '2019-11-06 12:05:00'),
(512, 7, 20.5, '2019-11-06 12:10:00'),
(513, 7, 20, '2019-11-06 12:15:00'),
(514, 7, 19.5, '2019-11-06 12:20:00'),
(515, 7, 19.5, '2019-11-06 12:25:00'),
(516, 8, 20, '2019-11-06 12:05:00'),
(517, 8, 20.5, '2019-11-06 12:10:00'),
(518, 8, 20, '2019-11-06 12:15:00'),
(519, 8, 19.5, '2019-11-06 12:20:00'),
(520, 8, 19.5, '2019-11-06 12:25:00'),
(521, 9, 20, '2019-11-06 12:05:00'),
(522, 9, 20.5, '2019-11-06 12:10:00'),
(523, 9, 20, '2019-11-06 12:15:00'),
(524, 9, 19.5, '2019-11-06 12:20:00'),
(525, 9, 19.5, '2019-11-06 12:25:00'),
(526, 10, 20, '2019-11-06 12:05:00'),
(527, 10, 20.5, '2019-11-06 12:10:00'),
(528, 10, 20, '2019-11-06 12:15:00'),
(529, 10, 19.5, '2019-11-06 12:20:00'),
(530, 10, 19.5, '2019-11-06 12:25:00'),
(531, 11, 20, '2019-11-06 12:05:00'),
(532, 11, 20.5, '2019-11-06 12:10:00'),
(533, 11, 20, '2019-11-06 12:15:00'),
(534, 11, 19.5, '2019-11-06 12:20:00'),
(535, 11, 19.5, '2019-11-06 12:25:00'),
(536, 12, 20, '2019-11-06 12:05:00'),
(537, 12, 20.5, '2019-11-06 12:10:00'),
(538, 12, 20, '2019-11-06 12:15:00'),
(539, 12, 19.5, '2019-11-06 12:20:00'),
(540, 12, 19.5, '2019-11-06 12:25:00'),
(541, 13, 20, '2019-11-06 12:05:00'),
(542, 13, 20.5, '2019-11-06 12:10:00'),
(543, 13, 19.5, '2019-11-06 12:15:00'),
(544, 14, 19.5, '2019-11-06 12:20:00'),
(545, 14, 19.5, '2019-11-06 12:25:00'),
(546, 14, 20, '2019-11-06 12:30:00'),
(547, 15, 20.5, '2019-11-06 12:10:00'),
(548, 15, 20, '2019-11-06 12:15:00'),
(549, 15, 19.5, '2019-11-06 12:20:00'),
(550, 16, 19.5, '2019-11-06 12:00:00'),
(551, 16, 20, '2019-11-06 12:05:00'),
(552, 16, 20.5, '2019-11-06 12:10:00'),
(553, 17, 20, '2019-11-06 12:15:00'),
(554, 17, 20.5, '2019-11-06 12:20:00'),
(555, 17, 19.5, '2019-11-06 12:25:00'),
(556, 18, 19.5, '2019-11-06 12:05:00'),
(557, 18, 20.5, '2019-11-06 12:10:00'),
(558, 18, 20, '2019-11-06 12:15:00'),
(559, 19, 19.5, '2019-11-06 12:20:00'),
(560, 19, 19.5, '2019-11-06 12:25:00'),
(561, 19, 20.5, '2019-11-06 12:30:00'),
(562, 20, 20.5, '2019-11-06 12:10:00'),
(563, 20, 20, '2019-11-06 12:15:00'),
(564, 20, 19.5, '2019-11-06 12:20:00'),
(565, 21, 19.5, '2019-11-06 12:00:00'),
(566, 21, 20, '2019-11-06 12:05:00'),
(567, 21, 20.5, '2019-11-06 12:10:00'),
(568, 22, 20, '2019-11-06 12:15:00'),
(569, 22, 20.5, '2019-11-06 12:20:00'),
(570, 22, 19.5, '2019-11-06 12:25:00'),
(571, 23, 19.5, '2019-11-06 12:05:00'),
(572, 23, 20.5, '2019-11-06 12:10:00'),
(573, 23, 20, '2019-11-06 12:15:00'),
(574, 24, 19.5, '2019-11-06 12:20:00'),
(575, 24, 19.5, '2019-11-06 12:25:00'),
(576, 24, 20.5, '2019-11-06 12:30:00'),
(577, 1, 20, '2019-11-07 12:05:00'),
(578, 1, 20.5, '2019-11-07 12:10:00'),
(579, 1, 20, '2019-11-07 12:15:00'),
(580, 1, 19.5, '2019-11-07 12:20:00'),
(581, 1, 19.5, '2019-11-07 12:25:00'),
(582, 2, 20, '2019-11-07 12:05:00'),
(583, 2, 20.5, '2019-11-07 12:10:00'),
(584, 2, 20, '2019-11-07 12:15:00'),
(585, 2, 19.5, '2019-11-07 12:20:00'),
(586, 2, 19.5, '2019-11-07 12:25:00'),
(587, 3, 20, '2019-11-07 12:05:00'),
(588, 3, 20.5, '2019-11-07 12:10:00'),
(589, 3, 20, '2019-11-07 12:15:00'),
(590, 3, 19.5, '2019-11-07 12:20:00'),
(591, 3, 19.5, '2019-11-07 12:25:00'),
(597, 5, 20, '2019-11-07 12:05:00'),
(598, 5, 20.5, '2019-11-07 12:10:00'),
(599, 5, 20, '2019-11-07 12:15:00'),
(600, 5, 19.5, '2019-11-07 12:20:00'),
(601, 5, 19.5, '2019-11-07 12:25:00'),
(602, 6, 20, '2019-11-07 12:05:00'),
(603, 6, 20.5, '2019-11-07 12:10:00'),
(604, 6, 20, '2019-11-07 12:15:00'),
(605, 6, 19.5, '2019-11-07 12:20:00'),
(606, 6, 19.5, '2019-11-07 12:25:00'),
(607, 7, 20, '2019-11-07 12:05:00'),
(608, 7, 20.5, '2019-11-07 12:10:00'),
(609, 7, 20, '2019-11-07 12:15:00'),
(610, 7, 19.5, '2019-11-07 12:20:00'),
(611, 7, 19.5, '2019-11-07 12:25:00'),
(612, 8, 20, '2019-11-07 12:05:00'),
(613, 8, 20.5, '2019-11-07 12:10:00'),
(614, 8, 20, '2019-11-07 12:15:00'),
(615, 8, 19.5, '2019-11-07 12:20:00'),
(616, 8, 19.5, '2019-11-07 12:25:00'),
(617, 9, 20, '2019-11-07 12:05:00'),
(618, 9, 20.5, '2019-11-07 12:10:00'),
(619, 9, 20, '2019-11-07 12:15:00'),
(620, 9, 19.5, '2019-11-07 12:20:00'),
(621, 9, 19.5, '2019-11-07 12:25:00'),
(622, 10, 20, '2019-11-07 12:05:00'),
(623, 10, 20.5, '2019-11-07 12:10:00'),
(624, 10, 20, '2019-11-07 12:15:00'),
(625, 10, 19.5, '2019-11-07 12:20:00'),
(626, 10, 19.5, '2019-11-07 12:25:00'),
(627, 11, 20, '2019-11-07 12:05:00'),
(628, 11, 20.5, '2019-11-07 12:10:00'),
(629, 11, 20, '2019-11-07 12:15:00'),
(630, 11, 19.5, '2019-11-07 12:20:00'),
(631, 11, 19.5, '2019-11-07 12:25:00'),
(632, 12, 20, '2019-11-07 12:05:00'),
(633, 12, 20.5, '2019-11-07 12:10:00'),
(634, 12, 20, '2019-11-07 12:15:00'),
(635, 12, 19.5, '2019-11-07 12:20:00'),
(636, 12, 19.5, '2019-11-07 12:25:00'),
(637, 13, 20, '2019-11-07 12:05:00'),
(638, 13, 20.5, '2019-11-07 12:10:00'),
(639, 13, 19.5, '2019-11-07 12:15:00'),
(640, 14, 19.5, '2019-11-07 12:20:00'),
(641, 14, 19.5, '2019-11-07 12:25:00'),
(642, 14, 20, '2019-11-07 12:30:00'),
(643, 15, 20.5, '2019-11-07 12:10:00'),
(644, 15, 20, '2019-11-07 12:15:00'),
(645, 15, 19.5, '2019-11-07 12:20:00'),
(646, 16, 19.5, '2019-11-07 12:00:00'),
(647, 16, 20, '2019-11-07 12:05:00'),
(648, 16, 20.5, '2019-11-07 12:10:00'),
(649, 17, 20, '2019-11-07 12:15:00'),
(650, 17, 20.5, '2019-11-07 12:20:00'),
(651, 17, 19.5, '2019-11-07 12:25:00'),
(652, 18, 19.5, '2019-11-07 12:05:00'),
(653, 18, 20.5, '2019-11-07 12:10:00'),
(654, 18, 20, '2019-11-07 12:15:00'),
(655, 19, 19.5, '2019-11-07 12:20:00'),
(656, 19, 19.5, '2019-11-07 12:25:00'),
(657, 19, 20.5, '2019-11-07 12:30:00'),
(658, 20, 20.5, '2019-11-07 12:10:00'),
(659, 20, 20, '2019-11-07 12:15:00'),
(660, 20, 19.5, '2019-11-07 12:20:00'),
(661, 21, 19.5, '2019-11-07 12:00:00'),
(662, 21, 20, '2019-11-07 12:05:00'),
(663, 21, 20.5, '2019-11-07 12:10:00'),
(664, 22, 20, '2019-11-07 12:15:00'),
(665, 22, 20.5, '2019-11-07 12:20:00'),
(666, 22, 19.5, '2019-11-07 12:25:00'),
(667, 23, 19.5, '2019-11-07 12:05:00'),
(668, 23, 20.5, '2019-11-07 12:10:00'),
(669, 23, 20, '2019-11-07 12:15:00'),
(670, 24, 19.5, '2019-11-07 12:20:00'),
(671, 24, 19.5, '2019-11-07 12:25:00'),
(672, 24, 20.5, '2019-11-07 12:30:00'),
(673, 1, 20, '2019-11-08 12:05:00'),
(674, 1, 20.5, '2019-11-08 12:10:00'),
(675, 1, 20, '2019-11-08 12:15:00'),
(676, 1, 19.5, '2019-11-08 12:20:00'),
(677, 1, 19.5, '2019-11-08 12:25:00'),
(678, 2, 20, '2019-11-08 12:05:00'),
(679, 2, 20.5, '2019-11-08 12:10:00'),
(680, 2, 20, '2019-11-08 12:15:00'),
(681, 2, 19.5, '2019-11-08 12:20:00'),
(682, 2, 19.5, '2019-11-08 12:25:00'),
(683, 3, 20, '2019-11-08 12:05:00'),
(684, 3, 20.5, '2019-11-08 12:10:00'),
(685, 3, 20, '2019-11-08 12:15:00'),
(686, 3, 19.5, '2019-11-08 12:20:00'),
(687, 3, 19.5, '2019-11-08 12:25:00'),
(693, 5, 20, '2019-11-08 12:05:00'),
(694, 5, 20.5, '2019-11-08 12:10:00'),
(695, 5, 20, '2019-11-08 12:15:00'),
(696, 5, 19.5, '2019-11-08 12:20:00'),
(697, 5, 19.5, '2019-11-08 12:25:00'),
(698, 6, 20, '2019-11-08 12:05:00'),
(699, 6, 20.5, '2019-11-08 12:10:00'),
(700, 6, 20, '2019-11-08 12:15:00'),
(701, 6, 19.5, '2019-11-08 12:20:00'),
(702, 6, 19.5, '2019-11-08 12:25:00'),
(703, 7, 20, '2019-11-08 12:05:00'),
(704, 7, 20.5, '2019-11-08 12:10:00'),
(705, 7, 20, '2019-11-08 12:15:00'),
(706, 7, 19.5, '2019-11-08 12:20:00'),
(707, 7, 19.5, '2019-11-08 12:25:00'),
(708, 8, 20, '2019-11-08 12:05:00'),
(709, 8, 20.5, '2019-11-08 12:10:00'),
(710, 8, 20, '2019-11-08 12:15:00'),
(711, 8, 19.5, '2019-11-08 12:20:00'),
(712, 8, 19.5, '2019-11-08 12:25:00'),
(713, 9, 20, '2019-11-08 12:05:00'),
(714, 9, 20.5, '2019-11-08 12:10:00'),
(715, 9, 20, '2019-11-08 12:15:00'),
(716, 9, 19.5, '2019-11-08 12:20:00'),
(717, 9, 19.5, '2019-11-08 12:25:00'),
(718, 10, 20, '2019-11-08 12:05:00'),
(719, 10, 20.5, '2019-11-08 12:10:00'),
(720, 10, 20, '2019-11-08 12:15:00'),
(721, 10, 19.5, '2019-11-08 12:20:00'),
(722, 10, 19.5, '2019-11-08 12:25:00'),
(723, 11, 20, '2019-11-08 12:05:00'),
(724, 11, 20.5, '2019-11-08 12:10:00'),
(725, 11, 20, '2019-11-08 12:15:00'),
(726, 11, 19.5, '2019-11-08 12:20:00'),
(727, 11, 19.5, '2019-11-08 12:25:00'),
(728, 12, 20, '2019-11-08 12:05:00'),
(729, 12, 20.5, '2019-11-08 12:10:00'),
(730, 12, 20, '2019-11-08 12:15:00'),
(731, 12, 19.5, '2019-11-08 12:20:00'),
(732, 12, 19.5, '2019-11-08 12:25:00'),
(733, 13, 20, '2019-11-08 12:05:00'),
(734, 13, 20.5, '2019-11-08 12:10:00'),
(735, 13, 19.5, '2019-11-08 12:15:00'),
(736, 14, 19.5, '2019-11-08 12:20:00'),
(737, 14, 19.5, '2019-11-08 12:25:00'),
(738, 14, 20, '2019-11-08 12:30:00'),
(739, 15, 20.5, '2019-11-08 12:10:00'),
(740, 15, 20, '2019-11-08 12:15:00'),
(741, 15, 19.5, '2019-11-08 12:20:00'),
(742, 16, 19.5, '2019-11-08 12:00:00'),
(743, 16, 20, '2019-11-08 12:05:00'),
(744, 16, 20.5, '2019-11-08 12:10:00'),
(745, 17, 20, '2019-11-08 12:15:00'),
(746, 17, 20.5, '2019-11-08 12:20:00'),
(747, 17, 19.5, '2019-11-08 12:25:00'),
(748, 18, 19.5, '2019-11-08 12:05:00'),
(749, 18, 20.5, '2019-11-08 12:10:00'),
(750, 18, 20, '2019-11-08 12:15:00'),
(751, 19, 19.5, '2019-11-08 12:20:00'),
(752, 19, 19.5, '2019-11-08 12:25:00'),
(753, 19, 20.5, '2019-11-08 12:30:00'),
(754, 20, 20.5, '2019-11-08 12:10:00'),
(755, 20, 20, '2019-11-08 12:15:00'),
(756, 20, 19.5, '2019-11-08 12:20:00'),
(757, 21, 19.5, '2019-11-08 12:00:00'),
(758, 21, 20, '2019-11-08 12:05:00'),
(759, 21, 20.5, '2019-11-08 12:10:00'),
(760, 22, 20, '2019-11-08 12:15:00'),
(761, 22, 20.5, '2019-11-08 12:20:00'),
(762, 22, 19.5, '2019-11-08 12:25:00'),
(763, 23, 19.5, '2019-11-08 12:05:00'),
(764, 23, 20.5, '2019-11-08 12:10:00'),
(765, 23, 20, '2019-11-08 12:15:00'),
(766, 24, 19.5, '2019-11-08 12:20:00'),
(767, 24, 19.5, '2019-11-08 12:25:00'),
(768, 24, 20.5, '2019-11-08 12:30:00'),
(769, 1, 20, '2019-11-09 12:05:00'),
(770, 1, 20.5, '2019-11-09 12:10:00'),
(771, 1, 20, '2019-11-09 12:15:00'),
(772, 1, 19.5, '2019-11-09 12:20:00'),
(773, 1, 19.5, '2019-11-09 12:25:00'),
(774, 2, 20, '2019-11-09 12:05:00'),
(775, 2, 20.5, '2019-11-09 12:10:00'),
(776, 2, 20, '2019-11-09 12:15:00'),
(777, 2, 19.5, '2019-11-09 12:20:00'),
(778, 2, 19.5, '2019-11-09 12:25:00'),
(779, 3, 20, '2019-11-09 12:05:00'),
(780, 3, 20.5, '2019-11-09 12:10:00'),
(781, 3, 20, '2019-11-09 12:15:00'),
(782, 3, 19.5, '2019-11-09 12:20:00'),
(783, 3, 19.5, '2019-11-09 12:25:00'),
(789, 5, 20, '2019-11-09 12:05:00'),
(790, 5, 20.5, '2019-11-09 12:10:00'),
(791, 5, 20, '2019-11-09 12:15:00'),
(792, 5, 19.5, '2019-11-09 12:20:00'),
(793, 5, 19.5, '2019-11-09 12:25:00'),
(794, 6, 20, '2019-11-09 12:05:00'),
(795, 6, 20.5, '2019-11-09 12:10:00'),
(796, 6, 20, '2019-11-09 12:15:00'),
(797, 6, 19.5, '2019-11-09 12:20:00'),
(798, 6, 19.5, '2019-11-09 12:25:00'),
(799, 7, 20, '2019-11-09 12:05:00'),
(800, 7, 20.5, '2019-11-09 12:10:00'),
(801, 7, 20, '2019-11-09 12:15:00'),
(802, 7, 19.5, '2019-11-09 12:20:00'),
(803, 7, 19.5, '2019-11-09 12:25:00'),
(804, 8, 20, '2019-11-09 12:05:00'),
(805, 8, 20.5, '2019-11-09 12:10:00'),
(806, 8, 20, '2019-11-09 12:15:00'),
(807, 8, 19.5, '2019-11-09 12:20:00'),
(808, 8, 19.5, '2019-11-09 12:25:00'),
(809, 9, 20, '2019-11-09 12:05:00'),
(810, 9, 20.5, '2019-11-09 12:10:00'),
(811, 9, 20, '2019-11-09 12:15:00'),
(812, 9, 19.5, '2019-11-09 12:20:00'),
(813, 9, 19.5, '2019-11-09 12:25:00'),
(814, 10, 20, '2019-11-09 12:05:00'),
(815, 10, 20.5, '2019-11-09 12:10:00'),
(816, 10, 20, '2019-11-09 12:15:00'),
(817, 10, 19.5, '2019-11-09 12:20:00'),
(818, 10, 19.5, '2019-11-09 12:25:00'),
(819, 11, 20, '2019-11-09 12:05:00'),
(820, 11, 20.5, '2019-11-09 12:10:00'),
(821, 11, 20, '2019-11-09 12:15:00'),
(822, 11, 19.5, '2019-11-09 12:20:00'),
(823, 11, 19.5, '2019-11-09 12:25:00'),
(824, 12, 20, '2019-11-09 12:05:00'),
(825, 12, 20.5, '2019-11-09 12:10:00'),
(826, 12, 20, '2019-11-09 12:15:00'),
(827, 12, 19.5, '2019-11-09 12:20:00'),
(828, 12, 19.5, '2019-11-09 12:25:00'),
(829, 13, 20, '2019-11-09 12:05:00'),
(830, 13, 20.5, '2019-11-09 12:10:00'),
(831, 13, 19.5, '2019-11-09 12:15:00'),
(832, 14, 19.5, '2019-11-09 12:20:00'),
(833, 14, 19.5, '2019-11-09 12:25:00'),
(834, 14, 20, '2019-11-09 12:30:00'),
(835, 15, 20.5, '2019-11-09 12:10:00'),
(836, 15, 20, '2019-11-09 12:15:00'),
(837, 15, 19.5, '2019-11-09 12:20:00'),
(838, 16, 19.5, '2019-11-09 12:00:00'),
(839, 16, 20, '2019-11-09 12:05:00'),
(840, 16, 20.5, '2019-11-09 12:10:00'),
(841, 17, 20, '2019-11-09 12:15:00'),
(842, 17, 20.5, '2019-11-09 12:20:00'),
(843, 17, 19.5, '2019-11-09 12:25:00'),
(844, 18, 19.5, '2019-11-09 12:05:00'),
(845, 18, 20.5, '2019-11-09 12:10:00'),
(846, 18, 20, '2019-11-09 12:15:00'),
(847, 19, 19.5, '2019-11-09 12:20:00'),
(848, 19, 19.5, '2019-11-09 12:25:00'),
(849, 19, 20.5, '2019-11-09 12:30:00'),
(850, 20, 20.5, '2019-11-09 12:10:00'),
(851, 20, 20, '2019-11-09 12:15:00'),
(852, 20, 19.5, '2019-11-09 12:20:00'),
(853, 21, 19.5, '2019-11-09 12:00:00'),
(854, 21, 20, '2019-11-09 12:05:00'),
(855, 21, 20.5, '2019-11-09 12:10:00'),
(856, 22, 20, '2019-11-09 12:15:00'),
(857, 22, 20.5, '2019-11-09 12:20:00'),
(858, 22, 19.5, '2019-11-09 12:25:00'),
(859, 23, 19.5, '2019-11-09 12:05:00'),
(860, 23, 20.5, '2019-11-09 12:10:00'),
(861, 23, 20, '2019-11-09 12:15:00'),
(862, 24, 19.5, '2019-11-09 12:20:00'),
(863, 24, 19.5, '2019-11-09 12:25:00'),
(864, 24, 20.5, '2019-11-09 12:30:00'),
(865, 1, 20, '2019-11-10 12:05:00'),
(866, 1, 20.5, '2019-11-10 12:10:00'),
(867, 1, 20, '2019-11-10 12:15:00'),
(868, 1, 19.5, '2019-11-10 12:20:00'),
(869, 1, 19.5, '2019-11-10 12:25:00'),
(870, 2, 20, '2019-11-10 12:05:00'),
(871, 2, 20.5, '2019-11-10 12:10:00'),
(872, 2, 20, '2019-11-10 12:15:00'),
(873, 2, 19.5, '2019-11-10 12:20:00'),
(874, 2, 19.5, '2019-11-10 12:25:00'),
(875, 3, 20, '2019-11-10 12:05:00'),
(876, 3, 20.5, '2019-11-10 12:10:00'),
(877, 3, 20, '2019-11-10 12:15:00'),
(878, 3, 19.5, '2019-11-10 12:20:00'),
(879, 3, 19.5, '2019-11-10 12:25:00'),
(885, 5, 20, '2019-11-10 12:05:00'),
(886, 5, 20.5, '2019-11-10 12:10:00'),
(887, 5, 20, '2019-11-10 12:15:00'),
(888, 5, 19.5, '2019-11-10 12:20:00'),
(889, 5, 19.5, '2019-11-10 12:25:00'),
(890, 6, 20, '2019-11-10 12:05:00'),
(891, 6, 20.5, '2019-11-10 12:10:00'),
(892, 6, 20, '2019-11-10 12:15:00'),
(893, 6, 19.5, '2019-11-10 12:20:00'),
(894, 6, 19.5, '2019-11-10 12:25:00'),
(895, 7, 20, '2019-11-10 12:05:00'),
(896, 7, 20.5, '2019-11-10 12:10:00'),
(897, 7, 20, '2019-11-10 12:15:00'),
(898, 7, 19.5, '2019-11-10 12:20:00'),
(899, 7, 19.5, '2019-11-10 12:25:00'),
(900, 8, 20, '2019-11-10 12:05:00'),
(901, 8, 20.5, '2019-11-10 12:10:00'),
(902, 8, 20, '2019-11-10 12:15:00'),
(903, 8, 19.5, '2019-11-10 12:20:00'),
(904, 8, 19.5, '2019-11-10 12:25:00'),
(905, 9, 20, '2019-11-10 12:05:00'),
(906, 9, 20.5, '2019-11-10 12:10:00'),
(907, 9, 20, '2019-11-10 12:15:00'),
(908, 9, 19.5, '2019-11-10 12:20:00'),
(909, 9, 19.5, '2019-11-10 12:25:00'),
(910, 10, 20, '2019-11-10 12:05:00'),
(911, 10, 20.5, '2019-11-10 12:10:00'),
(912, 10, 20, '2019-11-10 12:15:00'),
(913, 10, 19.5, '2019-11-10 12:20:00'),
(914, 10, 19.5, '2019-11-10 12:25:00'),
(915, 11, 20, '2019-11-10 12:05:00'),
(916, 11, 20.5, '2019-11-10 12:10:00'),
(917, 11, 20, '2019-11-10 12:15:00'),
(918, 11, 19.5, '2019-11-10 12:20:00'),
(919, 11, 19.5, '2019-11-10 12:25:00'),
(920, 12, 20, '2019-11-10 12:05:00'),
(921, 12, 20.5, '2019-11-10 12:10:00'),
(922, 12, 20, '2019-11-10 12:15:00'),
(923, 12, 19.5, '2019-11-10 12:20:00'),
(924, 12, 19.5, '2019-11-10 12:25:00'),
(925, 13, 20, '2019-11-10 12:05:00'),
(926, 13, 20.5, '2019-11-10 12:10:00'),
(927, 13, 19.5, '2019-11-10 12:15:00'),
(928, 14, 19.5, '2019-11-10 12:20:00'),
(929, 14, 19.5, '2019-11-10 12:25:00'),
(930, 14, 20, '2019-11-10 12:30:00'),
(931, 15, 20.5, '2019-11-10 12:10:00'),
(932, 15, 20, '2019-11-10 12:15:00'),
(933, 15, 19.5, '2019-11-10 12:20:00'),
(934, 16, 19.5, '2019-11-10 12:00:00'),
(935, 16, 20, '2019-11-10 12:05:00'),
(936, 16, 20.5, '2019-11-10 12:10:00'),
(937, 17, 20, '2019-11-10 12:15:00'),
(938, 17, 20.5, '2019-11-10 12:20:00'),
(939, 17, 19.5, '2019-11-10 12:25:00'),
(940, 18, 19.5, '2019-11-10 12:05:00'),
(941, 18, 20.5, '2019-11-10 12:10:00'),
(942, 18, 20, '2019-11-10 12:15:00'),
(943, 19, 19.5, '2019-11-10 12:20:00'),
(944, 19, 19.5, '2019-11-10 12:25:00'),
(945, 19, 20.5, '2019-11-10 12:30:00'),
(946, 20, 20.5, '2019-11-10 12:10:00'),
(947, 20, 20, '2019-11-10 12:15:00'),
(948, 20, 19.5, '2019-11-10 12:20:00'),
(949, 21, 19.5, '2019-11-10 12:00:00'),
(950, 21, 20, '2019-11-10 12:05:00'),
(951, 21, 20.5, '2019-11-10 12:10:00'),
(952, 22, 20, '2019-11-10 12:15:00'),
(953, 22, 20.5, '2019-11-10 12:20:00'),
(954, 22, 19.5, '2019-11-10 12:25:00'),
(955, 23, 19.5, '2019-11-10 12:05:00'),
(956, 23, 20.5, '2019-11-10 12:10:00'),
(957, 23, 20, '2019-11-10 12:15:00'),
(958, 24, 19.5, '2019-11-10 12:20:00'),
(959, 24, 19.5, '2019-11-10 12:25:00'),
(960, 24, 20.5, '2019-11-10 12:30:00'),
(961, 1, 20, '2019-11-11 12:05:00'),
(962, 1, 20.5, '2019-11-11 12:10:00'),
(963, 1, 20, '2019-11-11 12:15:00'),
(964, 1, 19.5, '2019-11-11 12:20:00'),
(965, 1, 19.5, '2019-11-11 12:25:00'),
(966, 2, 20, '2019-11-11 12:05:00'),
(967, 2, 20.5, '2019-11-11 12:10:00'),
(968, 2, 20, '2019-11-11 12:15:00'),
(969, 2, 19.5, '2019-11-11 12:20:00'),
(970, 2, 19.5, '2019-11-11 12:25:00'),
(971, 3, 20, '2019-11-11 12:05:00'),
(972, 3, 20.5, '2019-11-11 12:10:00'),
(973, 3, 20, '2019-11-11 12:15:00'),
(974, 3, 19.5, '2019-11-11 12:20:00'),
(975, 3, 19.5, '2019-11-11 12:25:00'),
(981, 5, 20, '2019-11-11 12:05:00'),
(982, 5, 20.5, '2019-11-11 12:10:00'),
(983, 5, 20, '2019-11-11 12:15:00'),
(984, 5, 19.5, '2019-11-11 12:20:00'),
(985, 5, 19.5, '2019-11-11 12:25:00'),
(986, 6, 20, '2019-11-11 12:05:00'),
(987, 6, 20.5, '2019-11-11 12:10:00'),
(988, 6, 20, '2019-11-11 12:15:00'),
(989, 6, 19.5, '2019-11-11 12:20:00'),
(990, 6, 19.5, '2019-11-11 12:25:00'),
(991, 7, 20, '2019-11-11 12:05:00'),
(992, 7, 20.5, '2019-11-11 12:10:00'),
(993, 7, 20, '2019-11-11 12:15:00'),
(994, 7, 19.5, '2019-11-11 12:20:00'),
(995, 7, 19.5, '2019-11-11 12:25:00'),
(996, 8, 20, '2019-11-11 12:05:00'),
(997, 8, 20.5, '2019-11-11 12:10:00'),
(998, 8, 20, '2019-11-11 12:15:00'),
(999, 8, 19.5, '2019-11-11 12:20:00'),
(1000, 8, 19.5, '2019-11-11 12:25:00'),
(1001, 9, 20, '2019-11-11 12:05:00'),
(1002, 9, 20.5, '2019-11-11 12:10:00'),
(1003, 9, 20, '2019-11-11 12:15:00'),
(1004, 9, 19.5, '2019-11-11 12:20:00'),
(1005, 9, 19.5, '2019-11-11 12:25:00'),
(1006, 10, 20, '2019-11-11 12:05:00'),
(1007, 10, 20.5, '2019-11-11 12:10:00'),
(1008, 10, 20, '2019-11-11 12:15:00'),
(1009, 10, 19.5, '2019-11-11 12:20:00'),
(1010, 10, 19.5, '2019-11-11 12:25:00'),
(1011, 11, 20, '2019-11-11 12:05:00'),
(1012, 11, 20.5, '2019-11-11 12:10:00'),
(1013, 11, 20, '2019-11-11 12:15:00'),
(1014, 11, 19.5, '2019-11-11 12:20:00'),
(1015, 11, 19.5, '2019-11-11 12:25:00'),
(1016, 12, 20, '2019-11-11 12:05:00'),
(1017, 12, 20.5, '2019-11-11 12:10:00'),
(1018, 12, 20, '2019-11-11 12:15:00'),
(1019, 12, 19.5, '2019-11-11 12:20:00'),
(1020, 12, 19.5, '2019-11-11 12:25:00'),
(1021, 13, 20, '2019-11-11 12:05:00'),
(1022, 13, 20.5, '2019-11-11 12:10:00'),
(1023, 13, 19.5, '2019-11-11 12:15:00'),
(1024, 14, 19.5, '2019-11-11 12:20:00'),
(1025, 14, 19.5, '2019-11-11 12:25:00'),
(1026, 14, 20, '2019-11-11 12:30:00'),
(1027, 15, 20.5, '2019-11-11 12:10:00'),
(1028, 15, 20, '2019-11-11 12:15:00'),
(1029, 15, 19.5, '2019-11-11 12:20:00'),
(1030, 16, 19.5, '2019-11-11 12:00:00'),
(1031, 16, 20, '2019-11-11 12:05:00'),
(1032, 16, 20.5, '2019-11-11 12:10:00'),
(1033, 17, 20, '2019-11-11 12:15:00'),
(1034, 17, 20.5, '2019-11-11 12:20:00'),
(1035, 17, 19.5, '2019-11-11 12:25:00'),
(1036, 18, 19.5, '2019-11-11 12:05:00'),
(1037, 18, 20.5, '2019-11-11 12:10:00'),
(1038, 18, 20, '2019-11-11 12:15:00'),
(1039, 19, 19.5, '2019-11-11 12:20:00'),
(1040, 19, 19.5, '2019-11-11 12:25:00'),
(1041, 19, 20.5, '2019-11-11 12:30:00'),
(1042, 20, 20.5, '2019-11-11 12:10:00'),
(1043, 20, 20, '2019-11-11 12:15:00'),
(1044, 20, 19.5, '2019-11-11 12:20:00'),
(1045, 21, 19.5, '2019-11-11 12:00:00'),
(1046, 21, 20, '2019-11-11 12:05:00'),
(1047, 21, 20.5, '2019-11-11 12:10:00'),
(1048, 22, 20, '2019-11-11 12:15:00'),
(1049, 22, 20.5, '2019-11-11 12:20:00'),
(1050, 22, 19.5, '2019-11-11 12:25:00'),
(1051, 23, 19.5, '2019-11-11 12:05:00'),
(1052, 23, 20.5, '2019-11-11 12:10:00'),
(1053, 23, 20, '2019-11-11 12:15:00'),
(1054, 24, 19.5, '2019-11-11 12:20:00'),
(1055, 24, 19.5, '2019-11-11 12:25:00'),
(1056, 24, 20.5, '2019-11-11 12:30:00'),
(1057, 1, 20, '2019-11-12 12:05:00'),
(1058, 1, 20.5, '2019-11-12 12:10:00'),
(1059, 1, 20, '2019-11-12 12:15:00'),
(1060, 1, 19.5, '2019-11-12 12:20:00'),
(1061, 1, 19.5, '2019-11-12 12:25:00'),
(1062, 2, 20, '2019-11-12 12:05:00'),
(1063, 2, 20.5, '2019-11-12 12:10:00'),
(1064, 2, 20, '2019-11-12 12:15:00'),
(1065, 2, 19.5, '2019-11-12 12:20:00'),
(1066, 2, 19.5, '2019-11-12 12:25:00'),
(1067, 3, 20, '2019-11-12 12:05:00'),
(1068, 3, 20.5, '2019-11-12 12:10:00'),
(1069, 3, 20, '2019-11-12 12:15:00'),
(1070, 3, 19.5, '2019-11-12 12:20:00'),
(1071, 3, 19.5, '2019-11-12 12:25:00'),
(1077, 5, 20, '2019-11-12 12:05:00'),
(1078, 5, 20.5, '2019-11-12 12:10:00'),
(1079, 5, 20, '2019-11-12 12:15:00'),
(1080, 5, 19.5, '2019-11-12 12:20:00'),
(1081, 5, 19.5, '2019-11-12 12:25:00'),
(1082, 6, 20, '2019-11-12 12:05:00'),
(1083, 6, 20.5, '2019-11-12 12:10:00'),
(1084, 6, 20, '2019-11-12 12:15:00'),
(1085, 6, 19.5, '2019-11-12 12:20:00'),
(1086, 6, 19.5, '2019-11-12 12:25:00'),
(1087, 7, 20, '2019-11-12 12:05:00'),
(1088, 7, 20.5, '2019-11-12 12:10:00'),
(1089, 7, 20, '2019-11-12 12:15:00'),
(1090, 7, 19.5, '2019-11-12 12:20:00'),
(1091, 7, 19.5, '2019-11-12 12:25:00'),
(1092, 8, 20, '2019-11-12 12:05:00'),
(1093, 8, 20.5, '2019-11-12 12:10:00'),
(1094, 8, 20, '2019-11-12 12:15:00'),
(1095, 8, 19.5, '2019-11-12 12:20:00'),
(1096, 8, 19.5, '2019-11-12 12:25:00'),
(1097, 9, 20, '2019-11-12 12:05:00'),
(1098, 9, 20.5, '2019-11-12 12:10:00'),
(1099, 9, 20, '2019-11-12 12:15:00'),
(1100, 9, 19.5, '2019-11-12 12:20:00'),
(1101, 9, 19.5, '2019-11-12 12:25:00'),
(1102, 10, 20, '2019-11-12 12:05:00'),
(1103, 10, 20.5, '2019-11-12 12:10:00'),
(1104, 10, 20, '2019-11-12 12:15:00'),
(1105, 10, 19.5, '2019-11-12 12:20:00'),
(1106, 10, 19.5, '2019-11-12 12:25:00'),
(1107, 11, 20, '2019-11-12 12:05:00'),
(1108, 11, 20.5, '2019-11-12 12:10:00'),
(1109, 11, 20, '2019-11-12 12:15:00'),
(1110, 11, 19.5, '2019-11-12 12:20:00'),
(1111, 11, 19.5, '2019-11-12 12:25:00'),
(1112, 12, 20, '2019-11-12 12:05:00'),
(1113, 12, 20.5, '2019-11-12 12:10:00'),
(1114, 12, 20, '2019-11-12 12:15:00'),
(1115, 12, 19.5, '2019-11-12 12:20:00'),
(1116, 12, 19.5, '2019-11-12 12:25:00'),
(1117, 13, 20, '2019-11-12 12:05:00'),
(1118, 13, 20.5, '2019-11-12 12:10:00'),
(1119, 13, 19.5, '2019-11-12 12:15:00'),
(1120, 14, 19.5, '2019-11-12 12:20:00'),
(1121, 14, 19.5, '2019-11-12 12:25:00'),
(1122, 14, 20, '2019-11-12 12:30:00'),
(1123, 15, 20.5, '2019-11-12 12:10:00'),
(1124, 15, 20, '2019-11-12 12:15:00'),
(1125, 15, 19.5, '2019-11-12 12:20:00'),
(1126, 16, 19.5, '2019-11-12 12:00:00'),
(1127, 16, 20, '2019-11-12 12:05:00'),
(1128, 16, 20.5, '2019-11-12 12:10:00'),
(1129, 17, 20, '2019-11-12 12:15:00'),
(1130, 17, 20.5, '2019-11-12 12:20:00'),
(1131, 17, 19.5, '2019-11-12 12:25:00'),
(1132, 18, 19.5, '2019-11-12 12:05:00'),
(1133, 18, 20.5, '2019-11-12 12:10:00'),
(1134, 18, 20, '2019-11-12 12:15:00'),
(1135, 19, 19.5, '2019-11-12 12:20:00'),
(1136, 19, 19.5, '2019-11-12 12:25:00'),
(1137, 19, 20.5, '2019-11-12 12:30:00'),
(1138, 20, 20.5, '2019-11-12 12:10:00'),
(1139, 20, 20, '2019-11-12 12:15:00'),
(1140, 20, 19.5, '2019-11-12 12:20:00'),
(1141, 21, 19.5, '2019-11-12 12:00:00'),
(1142, 21, 20, '2019-11-12 12:05:00'),
(1143, 21, 20.5, '2019-11-12 12:10:00'),
(1144, 22, 20, '2019-11-12 12:15:00'),
(1145, 22, 20.5, '2019-11-12 12:20:00'),
(1146, 22, 19.5, '2019-11-12 12:25:00'),
(1147, 23, 19.5, '2019-11-12 12:05:00'),
(1148, 23, 20.5, '2019-11-12 12:10:00'),
(1149, 23, 20, '2019-11-12 12:15:00'),
(1150, 24, 19.5, '2019-11-12 12:20:00'),
(1151, 24, 19.5, '2019-11-12 12:25:00'),
(1152, 24, 20.5, '2019-11-12 12:30:00'),
(1153, 1, 20, '2019-11-13 12:05:00'),
(1154, 1, 20.5, '2019-11-13 12:10:00'),
(1155, 1, 20, '2019-11-13 12:15:00'),
(1156, 1, 19.5, '2019-11-13 12:20:00'),
(1157, 1, 19.5, '2019-11-13 12:25:00'),
(1158, 2, 20, '2019-11-13 12:05:00'),
(1159, 2, 20.5, '2019-11-13 12:10:00'),
(1160, 2, 20, '2019-11-13 12:15:00'),
(1161, 2, 19.5, '2019-11-13 12:20:00'),
(1162, 2, 19.5, '2019-11-13 12:25:00'),
(1163, 3, 20, '2019-11-13 12:05:00'),
(1164, 3, 20.5, '2019-11-13 12:10:00'),
(1165, 3, 20, '2019-11-13 12:15:00'),
(1166, 3, 19.5, '2019-11-13 12:20:00'),
(1167, 3, 19.5, '2019-11-13 12:25:00'),
(1173, 5, 20, '2019-11-13 12:05:00'),
(1174, 5, 20.5, '2019-11-13 12:10:00'),
(1175, 5, 20, '2019-11-13 12:15:00'),
(1176, 5, 19.5, '2019-11-13 12:20:00'),
(1177, 5, 19.5, '2019-11-13 12:25:00'),
(1178, 6, 20, '2019-11-13 12:05:00'),
(1179, 6, 20.5, '2019-11-13 12:10:00'),
(1180, 6, 20, '2019-11-13 12:15:00'),
(1181, 6, 19.5, '2019-11-13 12:20:00'),
(1182, 6, 19.5, '2019-11-13 12:25:00'),
(1183, 7, 20, '2019-11-13 12:05:00'),
(1184, 7, 20.5, '2019-11-13 12:10:00'),
(1185, 7, 20, '2019-11-13 12:15:00'),
(1186, 7, 19.5, '2019-11-13 12:20:00'),
(1187, 7, 19.5, '2019-11-13 12:25:00'),
(1188, 8, 20, '2019-11-13 12:05:00'),
(1189, 8, 20.5, '2019-11-13 12:10:00'),
(1190, 8, 20, '2019-11-13 12:15:00'),
(1191, 8, 19.5, '2019-11-13 12:20:00'),
(1192, 8, 19.5, '2019-11-13 12:25:00'),
(1193, 9, 20, '2019-11-13 12:05:00'),
(1194, 9, 20.5, '2019-11-13 12:10:00'),
(1195, 9, 20, '2019-11-13 12:15:00'),
(1196, 9, 19.5, '2019-11-13 12:20:00'),
(1197, 9, 19.5, '2019-11-13 12:25:00'),
(1198, 10, 20, '2019-11-13 12:05:00'),
(1199, 10, 20.5, '2019-11-13 12:10:00'),
(1200, 10, 20, '2019-11-13 12:15:00'),
(1201, 10, 19.5, '2019-11-13 12:20:00'),
(1202, 10, 19.5, '2019-11-13 12:25:00'),
(1203, 11, 20, '2019-11-13 12:05:00'),
(1204, 11, 20.5, '2019-11-13 12:10:00'),
(1205, 11, 20, '2019-11-13 12:15:00'),
(1206, 11, 19.5, '2019-11-13 12:20:00'),
(1207, 11, 19.5, '2019-11-13 12:25:00'),
(1208, 12, 20, '2019-11-13 12:05:00'),
(1209, 12, 20.5, '2019-11-13 12:10:00'),
(1210, 12, 20, '2019-11-13 12:15:00'),
(1211, 12, 19.5, '2019-11-13 12:20:00'),
(1212, 12, 19.5, '2019-11-13 12:25:00'),
(1213, 13, 20, '2019-11-13 12:05:00'),
(1214, 13, 20.5, '2019-11-13 12:10:00'),
(1215, 13, 19.5, '2019-11-13 12:15:00'),
(1216, 14, 19.5, '2019-11-13 12:20:00'),
(1217, 14, 19.5, '2019-11-13 12:25:00'),
(1218, 14, 20, '2019-11-13 12:30:00'),
(1219, 15, 20.5, '2019-11-13 12:10:00'),
(1220, 15, 20, '2019-11-13 12:15:00'),
(1221, 15, 19.5, '2019-11-13 12:20:00'),
(1222, 16, 19.5, '2019-11-13 12:00:00'),
(1223, 16, 20, '2019-11-13 12:05:00'),
(1224, 16, 20.5, '2019-11-13 12:10:00'),
(1225, 17, 20, '2019-11-13 12:15:00'),
(1226, 17, 20.5, '2019-11-13 12:20:00'),
(1227, 17, 19.5, '2019-11-13 12:25:00'),
(1228, 18, 19.5, '2019-11-13 12:05:00'),
(1229, 18, 20.5, '2019-11-13 12:10:00'),
(1230, 18, 20, '2019-11-13 12:15:00'),
(1231, 19, 19.5, '2019-11-13 12:20:00'),
(1232, 19, 19.5, '2019-11-13 12:25:00'),
(1233, 19, 20.5, '2019-11-13 12:30:00'),
(1234, 20, 20.5, '2019-11-13 12:10:00'),
(1235, 20, 20, '2019-11-13 12:15:00'),
(1236, 20, 19.5, '2019-11-13 12:20:00'),
(1237, 21, 19.5, '2019-11-13 12:00:00'),
(1238, 21, 20, '2019-11-13 12:05:00'),
(1239, 21, 20.5, '2019-11-13 12:10:00'),
(1240, 22, 20, '2019-11-13 12:15:00'),
(1241, 22, 20.5, '2019-11-13 12:20:00'),
(1242, 22, 19.5, '2019-11-13 12:25:00'),
(1243, 23, 19.5, '2019-11-13 12:05:00'),
(1244, 23, 20.5, '2019-11-13 12:10:00'),
(1245, 23, 20, '2019-11-13 12:15:00'),
(1246, 24, 19.5, '2019-11-13 12:20:00'),
(1247, 24, 19.5, '2019-11-13 12:25:00'),
(1248, 24, 20.5, '2019-11-13 12:30:00'),
(1249, 1, 20, '2019-11-14 12:05:00'),
(1250, 1, 20.5, '2019-11-14 12:10:00'),
(1251, 1, 20, '2019-11-14 12:15:00'),
(1252, 1, 19.5, '2019-11-14 12:20:00'),
(1253, 1, 19.5, '2019-11-14 12:25:00'),
(1254, 2, 20, '2019-11-14 12:05:00'),
(1255, 2, 20.5, '2019-11-14 12:10:00'),
(1256, 2, 20, '2019-11-14 12:15:00'),
(1257, 2, 19.5, '2019-11-14 12:20:00'),
(1258, 2, 19.5, '2019-11-14 12:25:00'),
(1259, 3, 20, '2019-11-14 12:05:00'),
(1260, 3, 20.5, '2019-11-14 12:10:00'),
(1261, 3, 20, '2019-11-14 12:15:00'),
(1262, 3, 19.5, '2019-11-14 12:20:00'),
(1263, 3, 19.5, '2019-11-14 12:25:00'),
(1269, 5, 20, '2019-11-14 12:05:00'),
(1270, 5, 20.5, '2019-11-14 12:10:00'),
(1271, 5, 20, '2019-11-14 12:15:00'),
(1272, 5, 19.5, '2019-11-14 12:20:00'),
(1273, 5, 19.5, '2019-11-14 12:25:00'),
(1274, 6, 20, '2019-11-14 12:05:00'),
(1275, 6, 20.5, '2019-11-14 12:10:00'),
(1276, 6, 20, '2019-11-14 12:15:00'),
(1277, 6, 19.5, '2019-11-14 12:20:00'),
(1278, 6, 19.5, '2019-11-14 12:25:00'),
(1279, 7, 20, '2019-11-14 12:05:00'),
(1280, 7, 20.5, '2019-11-14 12:10:00'),
(1281, 7, 20, '2019-11-14 12:15:00'),
(1282, 7, 19.5, '2019-11-14 12:20:00'),
(1283, 7, 19.5, '2019-11-14 12:25:00'),
(1284, 8, 20, '2019-11-14 12:05:00'),
(1285, 8, 20.5, '2019-11-14 12:10:00'),
(1286, 8, 20, '2019-11-14 12:15:00'),
(1287, 8, 19.5, '2019-11-14 12:20:00'),
(1288, 8, 19.5, '2019-11-14 12:25:00'),
(1289, 9, 20, '2019-11-14 12:05:00'),
(1290, 9, 20.5, '2019-11-14 12:10:00'),
(1291, 9, 20, '2019-11-14 12:15:00'),
(1292, 9, 19.5, '2019-11-14 12:20:00'),
(1293, 9, 19.5, '2019-11-14 12:25:00'),
(1294, 10, 20, '2019-11-14 12:05:00'),
(1295, 10, 20.5, '2019-11-14 12:10:00'),
(1296, 10, 20, '2019-11-14 12:15:00'),
(1297, 10, 19.5, '2019-11-14 12:20:00'),
(1298, 10, 19.5, '2019-11-14 12:25:00'),
(1299, 11, 20, '2019-11-14 12:05:00'),
(1300, 11, 20.5, '2019-11-14 12:10:00'),
(1301, 11, 20, '2019-11-14 12:15:00'),
(1302, 11, 19.5, '2019-11-14 12:20:00'),
(1303, 11, 19.5, '2019-11-14 12:25:00'),
(1304, 12, 20, '2019-11-14 12:05:00'),
(1305, 12, 20.5, '2019-11-14 12:10:00'),
(1306, 12, 20, '2019-11-14 12:15:00'),
(1307, 12, 19.5, '2019-11-14 12:20:00'),
(1308, 12, 19.5, '2019-11-14 12:25:00'),
(1309, 13, 20, '2019-11-14 12:05:00'),
(1310, 13, 20.5, '2019-11-14 12:10:00'),
(1311, 13, 19.5, '2019-11-14 12:15:00'),
(1312, 14, 19.5, '2019-11-14 12:20:00'),
(1313, 14, 19.5, '2019-11-14 12:25:00'),
(1314, 14, 20, '2019-11-14 12:30:00'),
(1315, 15, 20.5, '2019-11-14 12:10:00'),
(1316, 15, 20, '2019-11-14 12:15:00'),
(1317, 15, 19.5, '2019-11-14 12:20:00'),
(1318, 16, 19.5, '2019-11-14 12:00:00'),
(1319, 16, 20, '2019-11-14 12:05:00'),
(1320, 16, 20.5, '2019-11-14 12:10:00'),
(1321, 17, 20, '2019-11-14 12:15:00'),
(1322, 17, 20.5, '2019-11-14 12:20:00'),
(1323, 17, 19.5, '2019-11-14 12:25:00'),
(1324, 18, 19.5, '2019-11-14 12:05:00'),
(1325, 18, 20.5, '2019-11-14 12:10:00'),
(1326, 18, 20, '2019-11-14 12:15:00'),
(1327, 19, 19.5, '2019-11-14 12:20:00'),
(1328, 19, 19.5, '2019-11-14 12:25:00'),
(1329, 19, 20.5, '2019-11-14 12:30:00'),
(1330, 20, 20.5, '2019-11-14 12:10:00'),
(1331, 20, 20, '2019-11-14 12:15:00'),
(1332, 20, 19.5, '2019-11-14 12:20:00'),
(1333, 21, 19.5, '2019-11-14 12:00:00'),
(1334, 21, 20, '2019-11-14 12:05:00'),
(1335, 21, 20.5, '2019-11-14 12:10:00'),
(1336, 22, 20, '2019-11-14 12:15:00'),
(1337, 22, 20.5, '2019-11-14 12:20:00'),
(1338, 22, 19.5, '2019-11-14 12:25:00'),
(1339, 23, 19.5, '2019-11-14 12:05:00'),
(1340, 23, 20.5, '2019-11-14 12:10:00'),
(1341, 23, 20, '2019-11-14 12:15:00'),
(1342, 24, 19.5, '2019-11-14 12:20:00'),
(1343, 24, 19.5, '2019-11-14 12:25:00'),
(1344, 24, 20.5, '2019-11-14 12:30:00'),
(1345, 1, 20, '2019-11-15 12:05:00'),
(1346, 1, 20.5, '2019-11-15 12:10:00'),
(1347, 1, 20, '2019-11-15 12:15:00'),
(1348, 1, 19.5, '2019-11-15 12:20:00'),
(1349, 1, 19.5, '2019-11-15 12:25:00'),
(1350, 2, 20, '2019-11-15 12:05:00'),
(1351, 2, 20.5, '2019-11-15 12:10:00'),
(1352, 2, 20, '2019-11-15 12:15:00'),
(1353, 2, 19.5, '2019-11-15 12:20:00'),
(1354, 2, 19.5, '2019-11-15 12:25:00'),
(1355, 3, 20, '2019-11-15 12:05:00'),
(1356, 3, 20.5, '2019-11-15 12:10:00'),
(1357, 3, 20, '2019-11-15 12:15:00'),
(1358, 3, 19.5, '2019-11-15 12:20:00'),
(1359, 3, 19.5, '2019-11-15 12:25:00'),
(1365, 5, 20, '2019-11-15 12:05:00'),
(1366, 5, 20.5, '2019-11-15 12:10:00'),
(1367, 5, 20, '2019-11-15 12:15:00'),
(1368, 5, 19.5, '2019-11-15 12:20:00'),
(1369, 5, 19.5, '2019-11-15 12:25:00'),
(1370, 6, 20, '2019-11-15 12:05:00'),
(1371, 6, 20.5, '2019-11-15 12:10:00'),
(1372, 6, 20, '2019-11-15 12:15:00'),
(1373, 6, 19.5, '2019-11-15 12:20:00'),
(1374, 6, 19.5, '2019-11-15 12:25:00'),
(1375, 7, 20, '2019-11-15 12:05:00'),
(1376, 7, 20.5, '2019-11-15 12:10:00'),
(1377, 7, 20, '2019-11-15 12:15:00'),
(1378, 7, 19.5, '2019-11-15 12:20:00'),
(1379, 7, 19.5, '2019-11-15 12:25:00'),
(1380, 8, 20, '2019-11-15 12:05:00'),
(1381, 8, 20.5, '2019-11-15 12:10:00'),
(1382, 8, 20, '2019-11-15 12:15:00'),
(1383, 8, 19.5, '2019-11-15 12:20:00'),
(1384, 8, 19.5, '2019-11-15 12:25:00'),
(1385, 9, 20, '2019-11-15 12:05:00'),
(1386, 9, 20.5, '2019-11-15 12:10:00'),
(1387, 9, 20, '2019-11-15 12:15:00'),
(1388, 9, 19.5, '2019-11-15 12:20:00'),
(1389, 9, 19.5, '2019-11-15 12:25:00'),
(1390, 10, 20, '2019-11-15 12:05:00'),
(1391, 10, 20.5, '2019-11-15 12:10:00'),
(1392, 10, 20, '2019-11-15 12:15:00'),
(1393, 10, 19.5, '2019-11-15 12:20:00'),
(1394, 10, 19.5, '2019-11-15 12:25:00'),
(1395, 11, 20, '2019-11-15 12:05:00'),
(1396, 11, 20.5, '2019-11-15 12:10:00'),
(1397, 11, 20, '2019-11-15 12:15:00'),
(1398, 11, 19.5, '2019-11-15 12:20:00'),
(1399, 11, 19.5, '2019-11-15 12:25:00'),
(1400, 12, 20, '2019-11-15 12:05:00'),
(1401, 12, 20.5, '2019-11-15 12:10:00'),
(1402, 12, 20, '2019-11-15 12:15:00'),
(1403, 12, 19.5, '2019-11-15 12:20:00'),
(1404, 12, 19.5, '2019-11-15 12:25:00'),
(1405, 13, 20, '2019-11-15 12:05:00'),
(1406, 13, 20.5, '2019-11-15 12:10:00'),
(1407, 13, 19.5, '2019-11-15 12:15:00'),
(1408, 14, 19.5, '2019-11-15 12:20:00'),
(1409, 14, 19.5, '2019-11-15 12:25:00'),
(1410, 14, 20, '2019-11-15 12:30:00'),
(1411, 15, 20.5, '2019-11-15 12:10:00'),
(1412, 15, 20, '2019-11-15 12:15:00'),
(1413, 15, 19.5, '2019-11-15 12:20:00'),
(1414, 16, 19.5, '2019-11-15 12:00:00'),
(1415, 16, 20, '2019-11-15 12:05:00'),
(1416, 16, 20.5, '2019-11-15 12:10:00'),
(1417, 17, 20, '2019-11-15 12:15:00'),
(1418, 17, 20.5, '2019-11-15 12:20:00'),
(1419, 17, 19.5, '2019-11-15 12:25:00'),
(1420, 18, 19.5, '2019-11-15 12:05:00'),
(1421, 18, 20.5, '2019-11-15 12:10:00');
INSERT INTO `data_temp` (`id`, `sensor_id`, `temp_value`, `capture_date`) VALUES
(1422, 18, 20, '2019-11-15 12:15:00'),
(1423, 19, 19.5, '2019-11-15 12:20:00'),
(1424, 19, 19.5, '2019-11-15 12:25:00'),
(1425, 19, 20.5, '2019-11-15 12:30:00'),
(1426, 20, 20.5, '2019-11-15 12:10:00'),
(1427, 20, 20, '2019-11-15 12:15:00'),
(1428, 20, 19.5, '2019-11-15 12:20:00'),
(1429, 21, 19.5, '2019-11-15 12:00:00'),
(1430, 21, 20, '2019-11-15 12:05:00'),
(1431, 21, 20.5, '2019-11-15 12:10:00'),
(1432, 22, 20, '2019-11-15 12:15:00'),
(1433, 22, 20.5, '2019-11-15 12:20:00'),
(1434, 22, 19.5, '2019-11-15 12:25:00'),
(1435, 23, 19.5, '2019-11-15 12:05:00'),
(1436, 23, 20.5, '2019-11-15 12:10:00'),
(1437, 23, 20, '2019-11-15 12:15:00'),
(1438, 24, 19.5, '2019-11-15 12:20:00'),
(1439, 24, 19.5, '2019-11-15 12:25:00'),
(1440, 24, 20.5, '2019-11-15 12:30:00'),
(1441, 1, 20, '2019-11-16 12:05:00'),
(1442, 1, 20.5, '2019-11-16 12:10:00'),
(1443, 1, 20, '2019-11-16 12:15:00'),
(1444, 1, 19.5, '2019-11-16 12:20:00'),
(1445, 1, 19.5, '2019-11-16 12:25:00'),
(1446, 2, 20, '2019-11-16 12:05:00'),
(1447, 2, 20.5, '2019-11-16 12:10:00'),
(1448, 2, 20, '2019-11-16 12:15:00'),
(1449, 2, 19.5, '2019-11-16 12:20:00'),
(1450, 2, 19.5, '2019-11-16 12:25:00'),
(1451, 3, 20, '2019-11-16 12:05:00'),
(1452, 3, 20.5, '2019-11-16 12:10:00'),
(1453, 3, 20, '2019-11-16 12:15:00'),
(1454, 3, 19.5, '2019-11-16 12:20:00'),
(1455, 3, 19.5, '2019-11-16 12:25:00'),
(1461, 5, 20, '2019-11-16 12:05:00'),
(1462, 5, 20.5, '2019-11-16 12:10:00'),
(1463, 5, 20, '2019-11-16 12:15:00'),
(1464, 5, 19.5, '2019-11-16 12:20:00'),
(1465, 5, 19.5, '2019-11-16 12:25:00'),
(1466, 6, 20, '2019-11-16 12:05:00'),
(1467, 6, 20.5, '2019-11-16 12:10:00'),
(1468, 6, 20, '2019-11-16 12:15:00'),
(1469, 6, 19.5, '2019-11-16 12:20:00'),
(1470, 6, 19.5, '2019-11-16 12:25:00'),
(1471, 7, 20, '2019-11-16 12:05:00'),
(1472, 7, 20.5, '2019-11-16 12:10:00'),
(1473, 7, 20, '2019-11-16 12:15:00'),
(1474, 7, 19.5, '2019-11-16 12:20:00'),
(1475, 7, 19.5, '2019-11-16 12:25:00'),
(1476, 8, 20, '2019-11-16 12:05:00'),
(1477, 8, 20.5, '2019-11-16 12:10:00'),
(1478, 8, 20, '2019-11-16 12:15:00'),
(1479, 8, 19.5, '2019-11-16 12:20:00'),
(1480, 8, 19.5, '2019-11-16 12:25:00'),
(1481, 9, 20, '2019-11-16 12:05:00'),
(1482, 9, 20.5, '2019-11-16 12:10:00'),
(1483, 9, 20, '2019-11-16 12:15:00'),
(1484, 9, 19.5, '2019-11-16 12:20:00'),
(1485, 9, 19.5, '2019-11-16 12:25:00'),
(1486, 10, 20, '2019-11-16 12:05:00'),
(1487, 10, 20.5, '2019-11-16 12:10:00'),
(1488, 10, 20, '2019-11-16 12:15:00'),
(1489, 10, 19.5, '2019-11-16 12:20:00'),
(1490, 10, 19.5, '2019-11-16 12:25:00'),
(1491, 11, 20, '2019-11-16 12:05:00'),
(1492, 11, 20.5, '2019-11-16 12:10:00'),
(1493, 11, 20, '2019-11-16 12:15:00'),
(1494, 11, 19.5, '2019-11-16 12:20:00'),
(1495, 11, 19.5, '2019-11-16 12:25:00'),
(1496, 12, 20, '2019-11-16 12:05:00'),
(1497, 12, 20.5, '2019-11-16 12:10:00'),
(1498, 12, 20, '2019-11-16 12:15:00'),
(1499, 12, 19.5, '2019-11-16 12:20:00'),
(1500, 12, 19.5, '2019-11-16 12:25:00'),
(1501, 13, 20, '2019-11-16 12:05:00'),
(1502, 13, 20.5, '2019-11-16 12:10:00'),
(1503, 13, 19.5, '2019-11-16 12:15:00'),
(1504, 14, 19.5, '2019-11-16 12:20:00'),
(1505, 14, 19.5, '2019-11-16 12:25:00'),
(1506, 14, 20, '2019-11-16 12:30:00'),
(1507, 15, 20.5, '2019-11-16 12:10:00'),
(1508, 15, 20, '2019-11-16 12:15:00'),
(1509, 15, 19.5, '2019-11-16 12:20:00'),
(1510, 16, 19.5, '2019-11-16 12:00:00'),
(1511, 16, 20, '2019-11-16 12:05:00'),
(1512, 16, 20.5, '2019-11-16 12:10:00'),
(1513, 17, 20, '2019-11-16 12:15:00'),
(1514, 17, 20.5, '2019-11-16 12:20:00'),
(1515, 17, 19.5, '2019-11-16 12:25:00'),
(1516, 18, 19.5, '2019-11-16 12:05:00'),
(1517, 18, 20.5, '2019-11-16 12:10:00'),
(1518, 18, 20, '2019-11-16 12:15:00'),
(1519, 19, 19.5, '2019-11-16 12:20:00'),
(1520, 19, 19.5, '2019-11-16 12:25:00'),
(1521, 19, 20.5, '2019-11-16 12:30:00'),
(1522, 20, 20.5, '2019-11-16 12:10:00'),
(1523, 20, 20, '2019-11-16 12:15:00'),
(1524, 20, 19.5, '2019-11-16 12:20:00'),
(1525, 21, 19.5, '2019-11-16 12:00:00'),
(1526, 21, 20, '2019-11-16 12:05:00'),
(1527, 21, 20.5, '2019-11-16 12:10:00'),
(1528, 22, 20, '2019-11-16 12:15:00'),
(1529, 22, 20.5, '2019-11-16 12:20:00'),
(1530, 22, 19.5, '2019-11-16 12:25:00'),
(1531, 23, 19.5, '2019-11-16 12:05:00'),
(1532, 23, 20.5, '2019-11-16 12:10:00'),
(1533, 23, 20, '2019-11-16 12:15:00'),
(1534, 24, 19.5, '2019-11-16 12:20:00'),
(1535, 24, 19.5, '2019-11-16 12:25:00'),
(1536, 24, 20.5, '2019-11-16 12:30:00'),
(1537, 1, 20, '2019-11-17 12:05:00'),
(1538, 1, 20.5, '2019-11-17 12:10:00'),
(1539, 1, 20, '2019-11-17 12:15:00'),
(1540, 1, 19.5, '2019-11-17 12:20:00'),
(1541, 1, 19.5, '2019-11-17 12:25:00'),
(1542, 2, 20, '2019-11-17 12:05:00'),
(1543, 2, 20.5, '2019-11-17 12:10:00'),
(1544, 2, 20, '2019-11-17 12:15:00'),
(1545, 2, 19.5, '2019-11-17 12:20:00'),
(1546, 2, 19.5, '2019-11-17 12:25:00'),
(1547, 3, 20, '2019-11-17 12:05:00'),
(1548, 3, 20.5, '2019-11-17 12:10:00'),
(1549, 3, 20, '2019-11-17 12:15:00'),
(1550, 3, 19.5, '2019-11-17 12:20:00'),
(1551, 3, 19.5, '2019-11-17 12:25:00'),
(1557, 5, 20, '2019-11-17 12:05:00'),
(1558, 5, 20.5, '2019-11-17 12:10:00'),
(1559, 5, 20, '2019-11-17 12:15:00'),
(1560, 5, 19.5, '2019-11-17 12:20:00'),
(1561, 5, 19.5, '2019-11-17 12:25:00'),
(1562, 6, 20, '2019-11-17 12:05:00'),
(1563, 6, 20.5, '2019-11-17 12:10:00'),
(1564, 6, 20, '2019-11-17 12:15:00'),
(1565, 6, 19.5, '2019-11-17 12:20:00'),
(1566, 6, 19.5, '2019-11-17 12:25:00'),
(1567, 7, 20, '2019-11-17 12:05:00'),
(1568, 7, 20.5, '2019-11-17 12:10:00'),
(1569, 7, 20, '2019-11-17 12:15:00'),
(1570, 7, 19.5, '2019-11-17 12:20:00'),
(1571, 7, 19.5, '2019-11-17 12:25:00'),
(1572, 8, 20, '2019-11-17 12:05:00'),
(1573, 8, 20.5, '2019-11-17 12:10:00'),
(1574, 8, 20, '2019-11-17 12:15:00'),
(1575, 8, 19.5, '2019-11-17 12:20:00'),
(1576, 8, 19.5, '2019-11-17 12:25:00'),
(1577, 9, 20, '2019-11-17 12:05:00'),
(1578, 9, 20.5, '2019-11-17 12:10:00'),
(1579, 9, 20, '2019-11-17 12:15:00'),
(1580, 9, 19.5, '2019-11-17 12:20:00'),
(1581, 9, 19.5, '2019-11-17 12:25:00'),
(1582, 10, 20, '2019-11-17 12:05:00'),
(1583, 10, 20.5, '2019-11-17 12:10:00'),
(1584, 10, 20, '2019-11-17 12:15:00'),
(1585, 10, 19.5, '2019-11-17 12:20:00'),
(1586, 10, 19.5, '2019-11-17 12:25:00'),
(1587, 11, 20, '2019-11-17 12:05:00'),
(1588, 11, 20.5, '2019-11-17 12:10:00'),
(1589, 11, 20, '2019-11-17 12:15:00'),
(1590, 11, 19.5, '2019-11-17 12:20:00'),
(1591, 11, 19.5, '2019-11-17 12:25:00'),
(1592, 12, 20, '2019-11-17 12:05:00'),
(1593, 12, 20.5, '2019-11-17 12:10:00'),
(1594, 12, 20, '2019-11-17 12:15:00'),
(1595, 12, 19.5, '2019-11-17 12:20:00'),
(1596, 12, 19.5, '2019-11-17 12:25:00'),
(1597, 13, 20, '2019-11-17 12:05:00'),
(1598, 13, 20.5, '2019-11-17 12:10:00'),
(1599, 13, 19.5, '2019-11-17 12:15:00'),
(1600, 14, 19.5, '2019-11-17 12:20:00'),
(1601, 14, 19.5, '2019-11-17 12:25:00'),
(1602, 14, 20, '2019-11-17 12:30:00'),
(1603, 15, 20.5, '2019-11-17 12:10:00'),
(1604, 15, 20, '2019-11-17 12:15:00'),
(1605, 15, 19.5, '2019-11-17 12:20:00'),
(1606, 16, 19.5, '2019-11-17 12:00:00'),
(1607, 16, 20, '2019-11-17 12:05:00'),
(1608, 16, 20.5, '2019-11-17 12:10:00'),
(1609, 17, 20, '2019-11-17 12:15:00'),
(1610, 17, 20.5, '2019-11-17 12:20:00'),
(1611, 17, 19.5, '2019-11-17 12:25:00'),
(1612, 18, 19.5, '2019-11-17 12:05:00'),
(1613, 18, 20.5, '2019-11-17 12:10:00'),
(1614, 18, 20, '2019-11-17 12:15:00'),
(1615, 19, 19.5, '2019-11-17 12:20:00'),
(1616, 19, 19.5, '2019-11-17 12:25:00'),
(1617, 19, 20.5, '2019-11-17 12:30:00'),
(1618, 20, 20.5, '2019-11-17 12:10:00'),
(1619, 20, 20, '2019-11-17 12:15:00'),
(1620, 20, 19.5, '2019-11-17 12:20:00'),
(1621, 21, 19.5, '2019-11-17 12:00:00'),
(1622, 21, 20, '2019-11-17 12:05:00'),
(1623, 21, 20.5, '2019-11-17 12:10:00'),
(1624, 22, 20, '2019-11-17 12:15:00'),
(1625, 22, 20.5, '2019-11-17 12:20:00'),
(1626, 22, 19.5, '2019-11-17 12:25:00'),
(1627, 23, 19.5, '2019-11-17 12:05:00'),
(1628, 23, 20.5, '2019-11-17 12:10:00'),
(1629, 23, 20, '2019-11-17 12:15:00'),
(1630, 24, 19.5, '2019-11-17 12:20:00'),
(1631, 24, 19.5, '2019-11-17 12:25:00'),
(1632, 24, 20.5, '2019-11-17 12:30:00'),
(1633, 1, 20, '2019-11-18 12:05:00'),
(1634, 1, 20.5, '2019-11-18 12:10:00'),
(1635, 1, 20, '2019-11-18 12:15:00'),
(1636, 1, 19.5, '2019-11-18 12:20:00'),
(1637, 1, 19.5, '2019-11-18 12:25:00'),
(1638, 2, 20, '2019-11-18 12:05:00'),
(1639, 2, 20.5, '2019-11-18 12:10:00'),
(1640, 2, 20, '2019-11-18 12:15:00'),
(1641, 2, 19.5, '2019-11-18 12:20:00'),
(1642, 2, 19.5, '2019-11-18 12:25:00'),
(1643, 3, 20, '2019-11-18 12:05:00'),
(1644, 3, 20.5, '2019-11-18 12:10:00'),
(1645, 3, 20, '2019-11-18 12:15:00'),
(1646, 3, 19.5, '2019-11-18 12:20:00'),
(1647, 3, 19.5, '2019-11-18 12:25:00'),
(1653, 5, 20, '2019-11-18 12:05:00'),
(1654, 5, 20.5, '2019-11-18 12:10:00'),
(1655, 5, 20, '2019-11-18 12:15:00'),
(1656, 5, 19.5, '2019-11-18 12:20:00'),
(1657, 5, 19.5, '2019-11-18 12:25:00'),
(1658, 6, 20, '2019-11-18 12:05:00'),
(1659, 6, 20.5, '2019-11-18 12:10:00'),
(1660, 6, 20, '2019-11-18 12:15:00'),
(1661, 6, 19.5, '2019-11-18 12:20:00'),
(1662, 6, 19.5, '2019-11-18 12:25:00'),
(1663, 7, 20, '2019-11-18 12:05:00'),
(1664, 7, 20.5, '2019-11-18 12:10:00'),
(1665, 7, 20, '2019-11-18 12:15:00'),
(1666, 7, 19.5, '2019-11-18 12:20:00'),
(1667, 7, 19.5, '2019-11-18 12:25:00'),
(1668, 8, 20, '2019-11-18 12:05:00'),
(1669, 8, 20.5, '2019-11-18 12:10:00'),
(1670, 8, 20, '2019-11-18 12:15:00'),
(1671, 8, 19.5, '2019-11-18 12:20:00'),
(1672, 8, 19.5, '2019-11-18 12:25:00'),
(1673, 9, 20, '2019-11-18 12:05:00'),
(1674, 9, 20.5, '2019-11-18 12:10:00'),
(1675, 9, 20, '2019-11-18 12:15:00'),
(1676, 9, 19.5, '2019-11-18 12:20:00'),
(1677, 9, 19.5, '2019-11-18 12:25:00'),
(1678, 10, 20, '2019-11-18 12:05:00'),
(1679, 10, 20.5, '2019-11-18 12:10:00'),
(1680, 10, 20, '2019-11-18 12:15:00'),
(1681, 10, 19.5, '2019-11-18 12:20:00'),
(1682, 10, 19.5, '2019-11-18 12:25:00'),
(1683, 11, 20, '2019-11-18 12:05:00'),
(1684, 11, 20.5, '2019-11-18 12:10:00'),
(1685, 11, 20, '2019-11-18 12:15:00'),
(1686, 11, 19.5, '2019-11-18 12:20:00'),
(1687, 11, 19.5, '2019-11-18 12:25:00'),
(1688, 12, 20, '2019-11-18 12:05:00'),
(1689, 12, 20.5, '2019-11-18 12:10:00'),
(1690, 12, 20, '2019-11-18 12:15:00'),
(1691, 12, 19.5, '2019-11-18 12:20:00'),
(1692, 12, 19.5, '2019-11-18 12:25:00'),
(1693, 13, 20, '2019-11-18 12:05:00'),
(1694, 13, 20.5, '2019-11-18 12:10:00'),
(1695, 13, 19.5, '2019-11-18 12:15:00'),
(1696, 14, 19.5, '2019-11-18 12:20:00'),
(1697, 14, 19.5, '2019-11-18 12:25:00'),
(1698, 14, 20, '2019-11-18 12:30:00'),
(1699, 15, 20.5, '2019-11-18 12:10:00'),
(1700, 15, 20, '2019-11-18 12:15:00'),
(1701, 15, 19.5, '2019-11-18 12:20:00'),
(1702, 16, 19.5, '2019-11-18 12:00:00'),
(1703, 16, 20, '2019-11-18 12:05:00'),
(1704, 16, 20.5, '2019-11-18 12:10:00'),
(1705, 17, 20, '2019-11-18 12:15:00'),
(1706, 17, 20.5, '2019-11-18 12:20:00'),
(1707, 17, 19.5, '2019-11-18 12:25:00'),
(1708, 18, 19.5, '2019-11-18 12:05:00'),
(1709, 18, 20.5, '2019-11-18 12:10:00'),
(1710, 18, 20, '2019-11-18 12:15:00'),
(1711, 19, 19.5, '2019-11-18 12:20:00'),
(1712, 19, 19.5, '2019-11-18 12:25:00'),
(1713, 19, 20.5, '2019-11-18 12:30:00'),
(1714, 20, 20.5, '2019-11-18 12:10:00'),
(1715, 20, 20, '2019-11-18 12:15:00'),
(1716, 20, 19.5, '2019-11-18 12:20:00'),
(1717, 21, 19.5, '2019-11-18 12:00:00'),
(1718, 21, 20, '2019-11-18 12:05:00'),
(1719, 21, 20.5, '2019-11-18 12:10:00'),
(1720, 22, 20, '2019-11-18 12:15:00'),
(1721, 22, 20.5, '2019-11-18 12:20:00'),
(1722, 22, 19.5, '2019-11-18 12:25:00'),
(1723, 23, 19.5, '2019-11-18 12:05:00'),
(1724, 23, 20.5, '2019-11-18 12:10:00'),
(1725, 23, 20, '2019-11-18 12:15:00'),
(1726, 24, 19.5, '2019-11-18 12:20:00'),
(1727, 24, 19.5, '2019-11-18 12:25:00'),
(1728, 24, 20.5, '2019-11-18 12:30:00'),
(1729, 78, 23.3, '2020-02-04 15:49:51'),
(1730, 78, 23.3, '2020-02-04 15:50:07'),
(1731, 78, 23.4, '2020-02-04 16:57:09'),
(1732, 78, 17.8, '2020-02-04 20:57:24'),
(1733, 78, 21.1, '2020-02-05 06:19:59'),
(1734, 78, 21.1, '2020-02-05 07:20:14'),
(1735, 78, 21.5, '2020-02-05 08:20:30'),
(1736, 78, 21.6, '2020-02-05 09:20:46'),
(1737, 78, 21.6, '2020-02-05 10:21:01'),
(1738, 78, 21.6, '2020-02-05 10:21:16'),
(1739, 78, 21.6, '2020-02-05 10:21:32'),
(1740, 78, 28, '2020-02-05 10:21:47'),
(1741, 78, 21.6, '2020-02-05 10:22:03'),
(1742, 78, 21.6, '2020-02-05 10:22:18'),
(1743, 78, 21.6, '2020-02-05 10:22:34'),
(1744, 78, 21.6, '2020-02-05 10:22:49'),
(1745, 78, 21.6, '2020-02-05 10:23:04'),
(1746, 78, 21.6, '2020-02-05 10:23:20'),
(1747, 78, 21.6, '2020-02-05 10:23:35'),
(1748, 78, 21.7, '2020-02-05 10:24:06'),
(1749, 78, 21.7, '2020-02-05 10:24:21'),
(1750, 78, 21.8, '2020-02-05 10:24:52'),
(1751, 78, 21.7, '2020-02-05 10:25:26'),
(1752, 78, 21.7, '2020-02-05 10:25:42'),
(1753, 78, 21.7, '2020-02-05 10:25:57'),
(1754, 78, 21.8, '2020-02-05 10:26:31'),
(1755, 78, 21.8, '2020-02-05 10:26:46'),
(1756, 78, 21.8, '2020-02-05 10:27:08'),
(1757, 78, 21.8, '2020-02-05 10:27:27'),
(1758, 78, 21.8, '2020-02-05 10:27:42'),
(1759, 78, 21.8, '2020-02-05 10:28:29'),
(1760, 78, 21.8, '2020-02-05 10:29:44'),
(1761, 78, 21.8, '2020-02-05 10:30:00'),
(1762, 78, 21.8, '2020-02-05 10:33:10'),
(1763, 78, 21.8, '2020-02-05 10:33:26'),
(1764, 78, 21.8, '2020-02-05 10:33:41'),
(1765, 78, 21.8, '2020-02-05 10:33:56'),
(1766, 78, 21.8, '2020-02-05 10:34:12'),
(1767, 78, 21.8, '2020-02-05 10:34:40'),
(1768, 78, 21.8, '2020-02-05 10:34:56'),
(1769, 78, 21.8, '2020-02-05 10:35:11'),
(1770, 78, 21.8, '2020-02-05 10:35:26'),
(1771, 78, 21.9, '2020-02-05 10:35:41'),
(1772, 78, 21.9, '2020-02-05 10:35:56'),
(1773, 78, 21.8, '2020-02-05 10:36:43'),
(1774, 78, 21.8, '2020-02-05 10:36:58'),
(1775, 78, 21.9, '2020-02-05 10:37:14'),
(1776, 78, 21.9, '2020-02-05 10:37:44'),
(1777, 78, 21.8, '2020-02-05 10:38:00'),
(1778, 78, 21.9, '2020-02-05 10:38:16'),
(1779, 78, 21.8, '2020-02-05 10:38:33'),
(1780, 78, 21.8, '2020-02-05 10:40:32'),
(1781, 78, 21.8, '2020-02-05 10:40:47'),
(1782, 78, 21.9, '2020-02-05 10:41:03'),
(1783, 78, 21.9, '2020-02-05 10:41:27'),
(1784, 78, 21.9, '2020-02-05 10:41:43'),
(1785, 78, 21.9, '2020-02-05 10:41:59'),
(1786, 78, 21.9, '2020-02-05 10:42:14'),
(1787, 78, 21.8, '2020-02-05 10:42:29'),
(1788, 78, 21.8, '2020-02-05 10:44:12'),
(1789, 78, 21.8, '2020-02-05 10:44:28'),
(1790, 78, 21.8, '2020-02-05 10:45:20'),
(1791, 78, 21.8, '2020-02-05 10:45:36'),
(1792, 78, 21.9, '2020-02-05 10:45:51'),
(1793, 78, 24, '2020-02-05 10:46:06'),
(1794, 78, 25.6, '2020-02-05 10:46:21'),
(1795, 78, 21.9, '2020-02-05 10:46:36'),
(1796, 78, 21.9, '2020-02-05 10:46:52'),
(1797, 78, 21.9, '2020-02-05 10:47:07'),
(1798, 78, 29, '2020-02-05 10:47:30'),
(1799, 78, 21.9, '2020-02-05 10:47:46'),
(1800, 78, 21.9, '2020-02-05 10:48:01'),
(1801, 78, 21.9, '2020-02-05 10:48:17'),
(1802, 78, 21.9, '2020-02-05 10:48:32'),
(1803, 78, 21.9, '2020-02-05 10:49:22'),
(1804, 78, 30, '2020-02-05 10:49:38'),
(1805, 78, 21.9, '2020-02-05 10:49:53'),
(1806, 78, 22, '2020-02-05 10:50:08'),
(1807, 78, 29, '2020-02-07 04:48:19'),
(1808, 78, 29, '2020-02-07 05:48:35'),
(1809, 78, 26.7, '2020-02-07 06:48:50'),
(1810, 78, 26.5, '2020-02-07 07:49:05'),
(1811, 78, 26.4, '2020-02-07 08:49:20'),
(1812, 78, 26.1, '2020-02-07 09:49:35'),
(1813, 78, 26, '2020-02-07 09:49:51'),
(1814, 78, 25.9, '2020-02-07 09:50:06'),
(1815, 78, 25.7, '2020-02-07 09:50:22'),
(1816, 78, 25.6, '2020-02-07 09:50:37'),
(1817, 78, 25.4, '2020-02-07 09:50:52'),
(1818, 78, 25.1, '2020-02-07 09:51:38'),
(1819, 78, 25, '2020-02-07 09:51:53'),
(1820, 78, 24.8, '2020-02-07 09:52:08'),
(1821, 78, 23.9, '2020-02-07 09:57:11'),
(1822, 78, 23.5, '2020-02-07 09:57:25'),
(1823, 78, 23.5, '2020-02-07 09:57:41'),
(1824, 78, 23.5, '2020-02-07 09:57:56'),
(1825, 78, 23.5, '2020-02-07 09:58:11'),
(1826, 78, 23.4, '2020-02-07 09:58:27'),
(1827, 78, 23.4, '2020-02-07 09:58:42'),
(1828, 78, 23.4, '2020-02-07 09:58:57'),
(1829, 78, 23.4, '2020-02-07 09:59:13'),
(1830, 78, 23.3, '2020-02-07 09:59:28'),
(1831, 78, 23.3, '2020-02-07 09:59:43'),
(1832, 78, 23.3, '2020-02-07 09:59:59'),
(1833, 78, 23.3, '2020-02-07 10:00:14'),
(1834, 78, 23.2, '2020-02-07 10:00:29'),
(1835, 78, 23.2, '2020-02-07 10:00:45'),
(1836, 78, 23.2, '2020-02-07 10:01:00'),
(1837, 78, 20, '2020-02-07 10:01:15'),
(1838, 78, 23.2, '2020-02-07 10:01:31'),
(1839, 78, 23.2, '2020-02-07 10:01:46'),
(1840, 78, 23.4, '2020-02-07 10:02:01'),
(1841, 78, 23.5, '2020-02-07 10:02:16'),
(1842, 78, 23.6, '2020-02-07 10:02:32'),
(1843, 78, 23.7, '2020-02-07 10:02:47'),
(1844, 78, 23.8, '2020-02-07 10:03:03'),
(1845, 78, 23.9, '2020-02-07 10:03:34'),
(1846, 78, 23.8, '2020-02-07 10:04:20'),
(1847, 78, 23.8, '2020-02-07 10:04:35'),
(1848, 78, 23.7, '2020-02-07 10:04:50'),
(1849, 78, 23.7, '2020-02-07 10:05:05'),
(1850, 78, 23.4, '2020-03-02 17:37:18'),
(1851, 78, 23.4, '2020-03-02 17:37:20'),
(1852, 78, 23.4, '2020-03-02 17:37:21'),
(1853, 78, 23.4, '2020-03-02 17:37:23'),
(1854, 78, 23.4, '2020-03-02 17:37:24'),
(1855, 78, 23.4, '2020-03-02 17:37:26'),
(1856, 78, 23.4, '2020-03-02 17:37:27'),
(1857, 78, 23.4, '2020-03-02 17:37:29'),
(1858, 78, 23.4, '2020-03-02 17:37:30'),
(1859, 78, 23.4, '2020-03-02 17:37:32'),
(1860, 78, 23.4, '2020-03-02 17:37:33'),
(1861, 78, 23.4, '2020-03-02 17:37:35'),
(1862, 78, 23.4, '2020-03-02 17:37:37'),
(1863, 78, 23.4, '2020-03-02 17:37:38'),
(1864, 78, 23.4, '2020-03-02 17:37:40'),
(1865, 78, 23.4, '2020-03-02 17:37:41'),
(1866, 78, 23.4, '2020-03-02 17:37:43'),
(1867, 78, 23.4, '2020-03-02 17:37:44'),
(1868, 78, 23.4, '2020-03-02 17:37:46'),
(1869, 78, 23.4, '2020-03-02 17:37:47'),
(1870, 78, 23.4, '2020-03-02 17:37:49'),
(1871, 78, 23.4, '2020-03-02 17:37:51'),
(1872, 78, 23.4, '2020-03-02 17:37:52'),
(1873, 78, 23.4, '2020-03-02 17:37:53'),
(1874, 78, 23.4, '2020-03-02 17:37:55'),
(1875, 78, 23.4, '2020-03-02 17:37:56'),
(1876, 78, 23.4, '2020-03-02 17:37:58'),
(1877, 78, 23.4, '2020-03-02 17:37:59'),
(1878, 78, 23.4, '2020-03-02 17:38:01'),
(1879, 78, 23.4, '2020-03-02 17:38:03'),
(1880, 78, 23.4, '2020-03-02 17:38:06'),
(1881, 78, 23.4, '2020-03-02 17:38:08'),
(1882, 78, 23.4, '2020-03-02 17:38:10'),
(1883, 78, 23.4, '2020-03-02 17:38:12'),
(1884, 78, 23.4, '2020-03-02 17:38:14'),
(1885, 78, 23.4, '2020-03-02 17:38:18'),
(1886, 78, 23.4, '2020-03-02 17:38:20'),
(1887, 78, 23.4, '2020-03-02 17:38:21'),
(1888, 78, 23.4, '2020-03-02 17:38:23'),
(1889, 78, 23.4, '2020-03-02 17:38:25'),
(1890, 78, 23.4, '2020-03-02 17:38:26'),
(1891, 78, 23.4, '2020-03-02 17:38:28'),
(1892, 78, 23.4, '2020-03-02 17:38:29'),
(1893, 78, 23.4, '2020-03-02 17:38:31'),
(1894, 78, 23.4, '2020-03-02 17:38:32'),
(1895, 78, 23.4, '2020-03-02 17:38:34'),
(1896, 78, 23.4, '2020-03-02 17:38:36'),
(1897, 78, 23.4, '2020-03-02 17:38:37'),
(1898, 78, 23.4, '2020-03-02 17:38:39'),
(1899, 78, 23.4, '2020-03-02 17:38:40'),
(1900, 78, 23.4, '2020-03-02 17:38:42'),
(1901, 78, 23.3, '2020-03-02 17:38:43'),
(1902, 78, 23.3, '2020-03-02 17:38:45'),
(1903, 78, 23.3, '2020-03-02 17:38:46'),
(1904, 78, 23.3, '2020-03-02 17:38:48'),
(1905, 78, 23.3, '2020-03-02 17:38:50'),
(1906, 78, 23.3, '2020-03-02 17:38:51'),
(1907, 78, 23.4, '2020-03-02 17:38:53'),
(1908, 78, 23.3, '2020-03-02 17:38:54'),
(1909, 78, 23.4, '2020-03-02 17:38:56'),
(1910, 78, 23.4, '2020-03-02 17:38:58'),
(1911, 78, 23.3, '2020-03-02 17:38:59'),
(1912, 78, 23.3, '2020-03-02 17:39:01'),
(1913, 78, 23.4, '2020-03-02 17:39:02'),
(1914, 78, 23.4, '2020-03-02 17:39:04'),
(1915, 78, 23.3, '2020-03-02 17:39:05'),
(1916, 78, 23.4, '2020-03-02 17:39:07'),
(1917, 78, 23.3, '2020-03-02 17:39:08'),
(1918, 78, 23.3, '2020-03-02 17:39:10'),
(1919, 78, 23.4, '2020-03-02 17:39:11'),
(1920, 78, 23.4, '2020-03-02 17:39:13'),
(1921, 78, 23.4, '2020-03-02 17:39:15'),
(1922, 78, 23.3, '2020-03-02 17:39:17'),
(1923, 78, 23.4, '2020-03-02 17:39:21'),
(1924, 78, 23.3, '2020-03-02 17:39:22'),
(1925, 78, 23.4, '2020-03-02 17:39:24'),
(1926, 78, 23.3, '2020-03-02 17:39:25'),
(1927, 78, 23.3, '2020-03-02 17:39:27'),
(1928, 78, 23.4, '2020-03-02 17:39:28'),
(1929, 78, 23.4, '2020-03-02 17:39:30'),
(1930, 78, 23.3, '2020-03-02 17:39:31'),
(1931, 78, 23.3, '2020-03-02 17:39:33'),
(1932, 78, 23.3, '2020-03-02 17:39:34'),
(1933, 78, 23.3, '2020-03-02 17:39:36'),
(1934, 78, 23.3, '2020-03-02 17:39:37'),
(1935, 78, 23.4, '2020-03-02 17:39:38'),
(1936, 78, 23.4, '2020-03-02 17:39:40'),
(1937, 78, 23.4, '2020-03-02 17:39:41'),
(1938, 78, 23.4, '2020-03-02 17:39:43'),
(1939, 78, 23.4, '2020-03-02 17:39:44'),
(1940, 78, 23.4, '2020-03-02 17:39:46'),
(1941, 78, 23.4, '2020-03-02 17:39:47'),
(1942, 78, 23.4, '2020-03-02 17:39:49'),
(1943, 78, 23.3, '2020-03-02 17:39:50'),
(1944, 78, 22.3, '2020-03-04 15:59:06'),
(1945, 78, 22.5, '2020-03-04 15:59:07'),
(1946, 78, 22.5, '2020-03-04 15:59:08'),
(1947, 78, 22.5, '2020-03-04 15:59:10'),
(1948, 78, 22.5, '2020-03-04 15:59:11'),
(1949, 78, 22.5, '2020-03-04 15:59:12'),
(1950, 78, 22.5, '2020-03-04 15:59:13'),
(1951, 78, 22.5, '2020-03-04 15:59:15'),
(1952, 78, 22.5, '2020-03-04 15:59:16'),
(1953, 78, 22.5, '2020-03-04 15:59:18'),
(1954, 78, 22.5, '2020-03-04 15:59:19'),
(1955, 78, 22.5, '2020-03-04 15:59:20'),
(1956, 78, 22.5, '2020-03-04 15:59:21'),
(1957, 78, 22.5, '2020-03-04 15:59:23'),
(1958, 78, 22.5, '2020-03-04 15:59:24'),
(1959, 78, 22.5, '2020-03-04 15:59:26'),
(1960, 78, 22.5, '2020-03-04 15:59:27'),
(1961, 78, 22.5, '2020-03-04 15:59:28'),
(1962, 78, 22.5, '2020-03-04 15:59:30'),
(1963, 78, 22.5, '2020-03-04 15:59:32'),
(1964, 78, 22.5, '2020-03-04 15:59:33'),
(1965, 78, 22.5, '2020-03-04 15:59:34'),
(1966, 78, 22.5, '2020-03-04 15:59:36'),
(1967, 78, 22.5, '2020-03-04 15:59:38'),
(1968, 78, 22.5, '2020-03-04 15:59:40'),
(1969, 78, 22.5, '2020-03-04 15:59:41'),
(1970, 78, 22.5, '2020-03-04 15:59:42'),
(1971, 78, 22.5, '2020-03-04 15:59:44'),
(1972, 78, 22.5, '2020-03-04 15:59:45'),
(1973, 78, 22.5, '2020-03-04 15:59:46'),
(1974, 78, 22.5, '2020-03-04 15:59:48'),
(1975, 78, 22.5, '2020-03-04 15:59:49'),
(1976, 78, 22.5, '2020-03-04 15:59:51'),
(1977, 78, 22.5, '2020-03-04 15:59:53'),
(1978, 78, 22.4, '2020-03-04 15:59:57'),
(1979, 78, 22.5, '2020-03-04 15:59:58'),
(1980, 78, 22.5, '2020-03-04 15:59:59'),
(1981, 78, 22.5, '2020-03-04 16:00:01'),
(1982, 78, 22.4, '2020-03-04 16:00:02'),
(1983, 78, 22.4, '2020-03-04 16:00:03'),
(1984, 78, 22.5, '2020-03-04 16:00:04'),
(1985, 78, 22.4, '2020-03-04 16:03:04'),
(1986, 78, 22.4, '2020-03-04 16:03:05'),
(1987, 78, 22.4, '2020-03-04 16:03:07'),
(1988, 78, 22.4, '2020-03-04 16:03:08'),
(1989, 78, 22.4, '2020-03-04 16:03:09'),
(1990, 78, 22.4, '2020-03-04 16:03:11'),
(1991, 78, 22.4, '2020-03-04 16:03:13'),
(1992, 78, 22.4, '2020-03-04 16:03:14'),
(1993, 78, 22.4, '2020-03-04 16:03:15'),
(1994, 78, 22.4, '2020-03-04 16:03:17'),
(1995, 78, 22.4, '2020-03-04 16:03:18'),
(1996, 78, 22.4, '2020-03-04 16:03:20'),
(1997, 78, 22.4, '2020-03-04 16:03:21'),
(1998, 78, 22.4, '2020-03-04 16:03:22'),
(1999, 78, 22.4, '2020-03-04 16:03:24'),
(2000, 78, 22.4, '2020-03-04 16:03:25'),
(2001, 78, 22.4, '2020-03-04 16:03:27'),
(2002, 78, 22.4, '2020-03-04 16:03:28'),
(2003, 78, 22.3, '2020-03-04 16:03:29'),
(2004, 78, 22.3, '2020-03-04 16:03:31'),
(2005, 78, 22.3, '2020-03-04 16:03:32'),
(2006, 78, 22.4, '2020-03-04 16:03:33'),
(2007, 78, 22.4, '2020-03-04 16:03:34'),
(2008, 78, 22.4, '2020-03-04 16:03:36'),
(2009, 78, 22.4, '2020-03-04 16:03:37'),
(2010, 78, 22.4, '2020-03-04 16:03:39'),
(2011, 78, 22.3, '2020-03-04 16:03:40'),
(2012, 78, 22.3, '2020-03-04 16:03:42'),
(2013, 78, 22.4, '2020-03-04 16:03:43'),
(2014, 78, 22.3, '2020-03-04 16:03:45'),
(2015, 78, 22.3, '2020-03-04 16:03:46'),
(2016, 78, 22.4, '2020-03-04 16:03:47'),
(2017, 78, 22.3, '2020-03-04 16:03:49'),
(2018, 78, 22.3, '2020-03-04 16:03:50'),
(2019, 78, 22.3, '2020-03-04 16:03:52'),
(2020, 78, 22.3, '2020-03-04 16:03:53'),
(2021, 78, 22.3, '2020-03-04 16:03:55'),
(2022, 78, 22.4, '2020-03-04 16:03:56'),
(2023, 78, 22.4, '2020-03-04 16:03:58'),
(2024, 78, 22.4, '2020-03-04 16:03:59'),
(2025, 78, 22.4, '2020-03-04 16:04:03'),
(2026, 78, 22.4, '2020-03-04 16:04:05'),
(2027, 78, 22.4, '2020-03-04 16:04:05'),
(2028, 78, 22.4, '2020-03-04 16:04:07'),
(2029, 78, 22.4, '2020-03-04 16:04:08'),
(2030, 78, 22.4, '2020-03-04 16:04:10'),
(2031, 78, 22.4, '2020-03-04 16:04:11'),
(2032, 78, 22.3, '2020-03-04 16:04:13'),
(2033, 78, 22.3, '2020-03-04 16:04:14'),
(2034, 78, 22.3, '2020-03-04 16:04:15'),
(2035, 78, 22.4, '2020-03-04 16:04:17'),
(2036, 78, 22.4, '2020-03-04 16:04:18'),
(2037, 78, 22.4, '2020-03-04 16:04:19'),
(2038, 78, 22.3, '2020-03-04 16:04:20'),
(2039, 78, 22.3, '2020-03-04 16:04:22'),
(2040, 78, 22.4, '2020-03-04 16:04:23'),
(2041, 78, 22.3, '2020-03-04 16:04:25'),
(2042, 78, 22.3, '2020-03-04 16:04:27'),
(2043, 78, 22.3, '2020-03-04 16:04:28'),
(2044, 78, 22.3, '2020-03-04 16:04:29'),
(2045, 78, 22.4, '2020-03-04 16:04:31'),
(2046, 78, 22.4, '2020-03-04 16:04:32'),
(2047, 78, 22.4, '2020-03-04 16:04:34'),
(2048, 78, 22.4, '2020-03-04 16:04:35'),
(2049, 78, 22.4, '2020-03-04 16:04:36'),
(2050, 78, 22.4, '2020-03-04 16:04:37'),
(2051, 78, 22.3, '2020-03-04 16:04:39'),
(2052, 78, 22.3, '2020-03-04 16:04:40'),
(2053, 78, 22.3, '2020-03-04 16:04:41'),
(2054, 78, 22.3, '2020-03-04 16:04:42'),
(2055, 78, 22.4, '2020-03-04 16:04:44'),
(2056, 78, 22.3, '2020-03-04 16:04:45'),
(2057, 78, 22.3, '2020-03-04 16:04:47'),
(2058, 78, 22.4, '2020-03-04 16:04:48'),
(2059, 78, 22.4, '2020-03-04 16:04:49'),
(2060, 78, 22.4, '2020-03-04 16:04:51'),
(2061, 78, 22.4, '2020-03-04 16:04:52'),
(2062, 78, 22.4, '2020-03-04 16:04:54'),
(2063, 78, 22.4, '2020-03-04 16:04:55'),
(2064, 78, 22.4, '2020-03-04 16:04:56'),
(2065, 78, 22.4, '2020-03-04 16:04:58'),
(2066, 78, 22.4, '2020-03-04 16:04:59'),
(2067, 78, 22.4, '2020-03-04 16:05:00'),
(2068, 78, 22.4, '2020-03-04 16:05:02'),
(2069, 78, 22.4, '2020-03-04 16:05:06'),
(2070, 78, 22.4, '2020-03-04 16:05:06'),
(2071, 78, 22.4, '2020-03-04 16:05:08'),
(2072, 78, 22.4, '2020-03-04 16:05:09'),
(2073, 78, 22.4, '2020-03-04 16:05:11'),
(2074, 78, 22.4, '2020-03-04 16:05:12'),
(2075, 78, 22.4, '2020-03-04 16:05:13'),
(2076, 78, 22.4, '2020-03-04 16:05:14'),
(2077, 78, 22.4, '2020-03-04 16:05:16'),
(2078, 78, 22.4, '2020-03-04 16:05:17'),
(2079, 78, 22.4, '2020-03-04 16:05:18'),
(2080, 78, 22.4, '2020-03-04 16:05:19'),
(2081, 78, 22.4, '2020-03-04 16:05:21'),
(2082, 78, 22.4, '2020-03-04 16:05:22'),
(2083, 78, 22.4, '2020-03-04 16:05:23'),
(2084, 78, 22.4, '2020-03-04 16:05:25'),
(2085, 78, 22.4, '2020-03-04 16:05:26'),
(2086, 78, 22.4, '2020-03-04 16:05:28'),
(2087, 78, 22.4, '2020-03-04 16:05:29'),
(2088, 78, 22.4, '2020-03-04 16:05:30'),
(2089, 78, 22.4, '2020-03-04 16:05:31'),
(2090, 78, 22.4, '2020-03-04 16:05:33'),
(2091, 78, 22.4, '2020-03-04 16:05:34'),
(2092, 78, 22.4, '2020-03-04 16:05:35'),
(2093, 78, 22.4, '2020-03-04 16:05:37'),
(2094, 78, 22.4, '2020-03-04 16:05:38'),
(2095, 78, 22.4, '2020-03-04 16:05:39'),
(2096, 78, 22.4, '2020-03-04 16:05:40'),
(2097, 78, 22.4, '2020-03-04 16:05:42'),
(2098, 78, 22.4, '2020-03-04 16:05:43'),
(2099, 78, 22.4, '2020-03-04 16:05:44'),
(2100, 78, 22.4, '2020-03-04 16:05:46'),
(2101, 78, 22.4, '2020-03-04 16:05:47'),
(2102, 78, 22.4, '2020-03-04 16:05:48'),
(2103, 78, 22.4, '2020-03-04 16:05:50'),
(2104, 78, 22.4, '2020-03-04 16:05:51'),
(2105, 78, 22.4, '2020-03-04 16:05:53'),
(2106, 78, 22.4, '2020-03-04 16:05:56'),
(2107, 78, 22.4, '2020-03-04 16:05:58'),
(2108, 78, 22.4, '2020-03-04 16:05:59'),
(2109, 78, 22.4, '2020-03-04 16:06:00'),
(2110, 78, 22.4, '2020-03-04 16:06:02'),
(2111, 78, 22.4, '2020-03-04 16:06:04'),
(2112, 78, 22.4, '2020-03-04 16:06:07'),
(2113, 78, 22.4, '2020-03-04 16:06:09'),
(2114, 78, 22.4, '2020-03-04 16:06:10'),
(2115, 78, 22.4, '2020-03-04 16:06:11'),
(2116, 78, 22.4, '2020-03-04 16:06:12'),
(2117, 78, 22.4, '2020-03-04 16:06:14'),
(2118, 78, 22.4, '2020-03-04 16:06:15'),
(2119, 78, 22.4, '2020-03-04 16:06:16'),
(2120, 78, 22.4, '2020-03-04 16:06:18'),
(2121, 78, 22.4, '2020-03-04 16:06:19'),
(2122, 78, 22.4, '2020-03-04 16:06:20'),
(2123, 78, 22.4, '2020-03-04 16:06:22'),
(2124, 78, 22.4, '2020-03-04 16:06:23'),
(2125, 78, 22.4, '2020-03-04 16:06:24'),
(2126, 78, 22.4, '2020-03-04 16:06:26'),
(2127, 78, 22.4, '2020-03-04 16:06:27'),
(2128, 78, 22.4, '2020-03-04 16:06:29'),
(2129, 78, 22.4, '2020-03-04 16:06:31'),
(2130, 78, 22.4, '2020-03-04 16:06:32'),
(2131, 78, 22.4, '2020-03-04 16:09:33'),
(2132, 78, 22.4, '2020-03-04 16:09:34'),
(2133, 78, 22.3, '2020-03-04 16:09:36'),
(2134, 78, 22.3, '2020-03-04 16:09:37'),
(2135, 78, 22.3, '2020-03-04 16:09:39'),
(2136, 78, 22.3, '2020-03-04 16:09:40'),
(2137, 78, 22.4, '2020-03-04 16:09:42'),
(2138, 78, 22.4, '2020-03-04 16:09:45'),
(2139, 78, 22.4, '2020-03-04 16:09:46'),
(2140, 78, 22.4, '2020-03-04 16:09:48'),
(2141, 78, 22.3, '2020-03-04 16:09:49'),
(2142, 78, 22.3, '2020-03-04 16:09:50'),
(2143, 78, 22.3, '2020-03-04 16:09:52'),
(2144, 78, 22.4, '2020-03-04 16:09:53'),
(2145, 78, 22.4, '2020-03-04 16:09:54'),
(2146, 78, 22.4, '2020-03-04 16:09:56'),
(2147, 78, 22.4, '2020-03-04 16:09:57'),
(2148, 78, 22.3, '2020-03-04 16:09:59'),
(2149, 78, 22.3, '2020-03-04 16:10:00'),
(2150, 78, 22.4, '2020-03-04 16:10:02'),
(2151, 78, 22.3, '2020-03-04 16:10:03'),
(2152, 78, 22.3, '2020-03-04 16:10:04'),
(2153, 78, 22.3, '2020-03-04 16:10:06'),
(2154, 78, 22.3, '2020-03-04 16:10:07'),
(2155, 78, 22.3, '2020-03-04 16:10:09'),
(2156, 78, 22.3, '2020-03-04 16:10:10'),
(2157, 78, 22.3, '2020-03-04 16:10:12'),
(2158, 78, 22.3, '2020-03-04 16:10:13'),
(2159, 78, 22.4, '2020-03-04 16:10:14'),
(2160, 78, 22.4, '2020-03-04 16:10:16'),
(2161, 78, 22.3, '2020-03-04 16:10:17'),
(2162, 78, 22.3, '2020-03-04 16:10:19'),
(2163, 78, 22.3, '2020-03-04 16:10:20'),
(2164, 78, 22.3, '2020-03-04 16:10:21'),
(2165, 78, 22.3, '2020-03-04 16:10:22'),
(2166, 78, 22.3, '2020-03-04 16:10:24'),
(2167, 78, 22.3, '2020-03-04 16:10:25'),
(2168, 78, 22.3, '2020-03-04 16:10:26'),
(2169, 78, 22.3, '2020-03-04 16:10:27'),
(2170, 78, 22.3, '2020-03-04 16:10:29'),
(2171, 78, 22.4, '2020-03-04 16:10:31'),
(2172, 78, 22.4, '2020-03-04 16:10:32'),
(2173, 78, 22.4, '2020-03-04 16:10:33'),
(2174, 78, 22.3, '2020-03-04 16:10:35'),
(2175, 78, 22.3, '2020-03-04 16:10:36'),
(2176, 78, 22.3, '2020-03-04 16:10:37'),
(2177, 78, 22.4, '2020-03-04 16:10:39'),
(2178, 78, 22.3, '2020-03-04 16:10:40'),
(2179, 78, 22.3, '2020-03-04 16:10:42'),
(2180, 78, 22.3, '2020-03-04 16:10:45'),
(2181, 78, 22.3, '2020-03-04 16:10:47'),
(2182, 78, 22.4, '2020-03-04 16:10:49'),
(2183, 78, 22.4, '2020-03-04 16:10:50'),
(2184, 78, 22.4, '2020-03-04 16:10:51'),
(2185, 78, 22.3, '2020-03-04 16:10:53'),
(2186, 78, 22.3, '2020-03-04 16:10:54'),
(2187, 78, 22.3, '2020-03-04 16:10:55'),
(2188, 78, 22.3, '2020-03-04 16:10:57'),
(2189, 78, 22.3, '2020-03-04 16:10:58'),
(2190, 78, 22.3, '2020-03-04 16:10:59'),
(2191, 78, 22.3, '2020-03-04 16:11:00'),
(2192, 78, 22.3, '2020-03-04 16:11:02'),
(2193, 78, 22.4, '2020-03-04 16:11:03'),
(2194, 78, 22.4, '2020-03-04 16:11:04'),
(2195, 78, 22.3, '2020-03-04 16:11:06'),
(2196, 78, 22.4, '2020-03-04 16:11:07'),
(2197, 78, 22.4, '2020-03-04 16:11:08'),
(2198, 78, 22.4, '2020-03-04 16:11:10'),
(2199, 78, 22.4, '2020-03-04 16:11:11'),
(2200, 78, 22.4, '2020-03-04 16:11:12'),
(2201, 78, 22.4, '2020-03-04 16:11:13'),
(2202, 78, 22.4, '2020-03-04 16:11:15'),
(2203, 78, 22.4, '2020-03-04 16:11:16'),
(2204, 78, 22.4, '2020-03-04 16:11:18'),
(2205, 78, 22.4, '2020-03-04 16:11:19'),
(2206, 78, 22.4, '2020-03-04 16:11:21'),
(2207, 78, 22.3, '2020-03-04 16:11:22'),
(2208, 78, 22.4, '2020-03-04 16:11:24'),
(2209, 78, 22.4, '2020-03-04 16:11:25'),
(2210, 78, 22.4, '2020-03-04 16:11:26'),
(2211, 78, 22.4, '2020-03-04 16:11:28'),
(2212, 78, 22.4, '2020-03-04 16:11:29'),
(2213, 78, 22.4, '2020-03-04 16:11:30'),
(2214, 78, 22.4, '2020-03-04 16:11:31'),
(2215, 78, 22.4, '2020-03-04 16:11:33'),
(2216, 78, 22.4, '2020-03-04 16:11:34'),
(2217, 78, 22.4, '2020-03-04 16:11:35'),
(2218, 78, 22.4, '2020-03-04 16:11:37'),
(2219, 78, 22.4, '2020-03-04 16:11:38'),
(2220, 78, 22.4, '2020-03-04 16:11:40'),
(2221, 78, 22.4, '2020-03-04 16:11:41'),
(2222, 78, 22.4, '2020-03-04 16:11:42'),
(2223, 78, 22.4, '2020-03-04 16:11:44'),
(2224, 78, 22.4, '2020-03-04 16:11:46'),
(2225, 78, 22.4, '2020-03-04 16:11:49'),
(2226, 78, 22.4, '2020-03-04 16:11:51'),
(2227, 78, 22.4, '2020-03-04 16:11:52'),
(2228, 78, 22.4, '2020-03-04 16:11:54'),
(2229, 78, 22.4, '2020-03-04 16:11:56'),
(2230, 78, 22.4, '2020-03-04 16:11:57'),
(2231, 78, 22.4, '2020-03-04 16:11:58'),
(2232, 78, 22.4, '2020-03-04 16:12:00'),
(2233, 78, 22.4, '2020-03-04 16:12:01'),
(2234, 78, 22.4, '2020-03-04 16:12:03'),
(2235, 78, 22.4, '2020-03-04 16:12:04'),
(2236, 78, 22.4, '2020-03-04 16:12:05'),
(2237, 78, 22.4, '2020-03-04 16:12:07'),
(2238, 78, 22.4, '2020-03-04 16:12:09'),
(2239, 78, 22.4, '2020-03-04 16:12:10'),
(2240, 78, 22.4, '2020-03-04 16:12:11'),
(2241, 78, 22.4, '2020-03-04 16:12:13'),
(2242, 78, 22.4, '2020-03-04 16:12:14'),
(2243, 78, 22.4, '2020-03-04 16:12:16'),
(2244, 78, 22.4, '2020-03-04 16:12:17'),
(2245, 78, 22.4, '2020-03-04 16:12:18'),
(2246, 78, 22.4, '2020-03-04 16:12:20'),
(2247, 78, 22.4, '2020-03-04 16:12:21'),
(2248, 78, 22.4, '2020-03-04 16:12:22'),
(2249, 78, 22.4, '2020-03-04 16:12:24'),
(2250, 78, 22.4, '2020-03-04 16:12:25'),
(2251, 78, 22.4, '2020-03-04 16:12:26'),
(2252, 78, 22.4, '2020-03-04 16:12:27'),
(2253, 78, 22.4, '2020-03-04 16:12:29'),
(2254, 78, 22.4, '2020-03-04 16:12:30'),
(2255, 78, 22.4, '2020-03-04 16:12:32'),
(2256, 78, 22.4, '2020-03-04 16:12:33'),
(2257, 78, 22.4, '2020-03-04 16:12:35'),
(2258, 78, 22.4, '2020-03-04 16:12:36'),
(2259, 78, 22.4, '2020-03-04 16:12:38'),
(2260, 78, 22.4, '2020-03-04 16:12:39'),
(2261, 78, 22.4, '2020-03-04 16:12:40'),
(2262, 78, 22.4, '2020-03-04 16:12:42'),
(2263, 78, 22.4, '2020-03-04 16:12:44'),
(2264, 78, 22.4, '2020-03-04 16:12:46'),
(2265, 78, 22.4, '2020-03-04 16:12:49'),
(2266, 78, 22.4, '2020-03-04 16:12:51'),
(2267, 78, 22.4, '2020-03-04 16:12:52'),
(2268, 78, 22.4, '2020-03-04 16:12:53'),
(2269, 78, 22.4, '2020-03-04 16:12:55'),
(2270, 78, 22.4, '2020-03-04 16:12:56'),
(2271, 78, 22.4, '2020-03-04 16:12:57'),
(2272, 78, 22.4, '2020-03-04 16:12:59'),
(2273, 78, 22.4, '2020-03-04 16:13:00'),
(2274, 78, 22.4, '2020-03-04 16:13:02'),
(2275, 78, 22.4, '2020-03-04 16:13:03'),
(2276, 78, 22.4, '2020-03-04 16:13:04'),
(2277, 78, 22.4, '2020-03-04 16:13:05'),
(2278, 78, 22.4, '2020-03-04 16:13:06'),
(2279, 78, 22.4, '2020-03-04 16:13:08'),
(2280, 78, 22.4, '2020-03-04 16:13:09'),
(2281, 78, 22.4, '2020-03-04 16:13:10'),
(2282, 78, 22.4, '2020-03-04 16:13:12'),
(2283, 78, 22.4, '2020-03-04 16:13:13'),
(2284, 78, 22.4, '2020-03-04 16:13:14'),
(2285, 78, 22.4, '2020-03-04 16:13:15'),
(2286, 78, 22.4, '2020-03-04 16:13:16'),
(2287, 78, 22.4, '2020-03-04 16:13:17'),
(2288, 78, 22.4, '2020-03-04 16:13:19'),
(2289, 78, 22.4, '2020-03-04 16:13:20'),
(2290, 78, 22.4, '2020-03-04 16:13:21'),
(2291, 78, 22.4, '2020-03-04 16:13:22'),
(2292, 78, 22.4, '2020-03-04 16:13:24'),
(2293, 78, 22.4, '2020-03-04 16:13:26'),
(2294, 78, 22.4, '2020-03-04 16:13:27'),
(2295, 78, 22.4, '2020-03-04 16:13:28'),
(2296, 78, 22.4, '2020-03-04 16:13:29'),
(2297, 78, 22.4, '2020-03-04 16:13:31'),
(2298, 78, 22.4, '2020-03-04 16:13:32'),
(2299, 78, 22.4, '2020-03-04 16:13:33'),
(2300, 78, 22.4, '2020-03-04 16:13:35'),
(2301, 78, 22.4, '2020-03-04 16:13:37'),
(2302, 78, 22.4, '2020-03-04 16:13:38'),
(2303, 78, 22.4, '2020-03-04 16:13:39'),
(2304, 78, 22.4, '2020-03-04 16:13:41'),
(2305, 78, 22.4, '2020-03-04 16:13:42'),
(2306, 78, 22.4, '2020-03-04 16:13:43'),
(2307, 78, 22.4, '2020-03-04 16:13:45'),
(2308, 78, 22.4, '2020-03-04 16:13:46'),
(2309, 78, 22.4, '2020-03-04 16:13:47'),
(2310, 78, 22.4, '2020-03-04 16:13:49'),
(2311, 78, 22.4, '2020-03-04 16:13:52'),
(2312, 78, 22.4, '2020-03-04 16:13:53'),
(2313, 78, 22.4, '2020-03-04 16:13:55'),
(2314, 78, 22.4, '2020-03-04 16:13:56'),
(2315, 78, 22.4, '2020-03-04 16:13:58'),
(2316, 78, 22.4, '2020-03-04 16:13:59'),
(2317, 78, 22.4, '2020-03-04 16:14:00'),
(2318, 78, 22.4, '2020-03-04 16:14:01'),
(2319, 78, 22.4, '2020-03-04 16:14:03'),
(2320, 78, 22.4, '2020-03-04 16:14:04'),
(2321, 78, 22.4, '2020-03-04 16:14:05'),
(2322, 78, 22.4, '2020-03-04 16:14:06'),
(2323, 78, 22.4, '2020-03-04 16:14:08'),
(2324, 78, 22.4, '2020-03-04 16:14:09'),
(2325, 78, 22.4, '2020-03-04 16:14:11'),
(2326, 78, 22.4, '2020-03-04 16:14:12'),
(2327, 78, 22.4, '2020-03-04 16:14:13'),
(2328, 78, 22.4, '2020-03-04 16:14:15'),
(2329, 78, 22.4, '2020-03-04 16:14:16'),
(2330, 78, 22.4, '2020-03-04 16:14:17'),
(2331, 78, 22.4, '2020-03-04 16:14:19'),
(2332, 78, 22.4, '2020-03-04 16:14:20'),
(2333, 78, 22.4, '2020-03-04 16:14:22'),
(2334, 78, 22.4, '2020-03-04 16:14:24'),
(2335, 78, 22.4, '2020-03-04 16:14:25'),
(2336, 78, 22.4, '2020-03-04 16:14:27'),
(2337, 78, 22.4, '2020-03-04 16:14:28'),
(2338, 78, 22.4, '2020-03-04 16:14:29'),
(2339, 78, 22.4, '2020-03-04 16:14:30'),
(2340, 78, 22.4, '2020-03-04 16:14:32'),
(2341, 78, 22.4, '2020-03-04 16:14:33'),
(2342, 78, 22.4, '2020-03-04 16:14:34'),
(2343, 78, 22.4, '2020-03-04 16:14:35'),
(2344, 78, 22.4, '2020-03-04 16:14:37'),
(2345, 78, 22.4, '2020-03-04 16:14:38'),
(2346, 78, 22.4, '2020-03-04 16:14:40'),
(2347, 78, 22.4, '2020-03-04 16:14:41'),
(2348, 78, 22.4, '2020-03-04 16:14:43'),
(2349, 78, 22.4, '2020-03-04 16:14:44'),
(2350, 78, 22.4, '2020-03-04 16:14:46'),
(2351, 78, 22.4, '2020-03-04 16:14:47'),
(2352, 78, 22.4, '2020-03-04 16:14:48'),
(2353, 78, 22.4, '2020-03-04 16:14:51'),
(2354, 78, 22.4, '2020-03-04 16:14:54'),
(2355, 78, 22.4, '2020-03-04 16:14:55'),
(2356, 78, 22.4, '2020-03-04 16:14:57'),
(2357, 78, 22.4, '2020-03-04 16:14:59'),
(2358, 78, 22.4, '2020-03-04 16:15:00'),
(2359, 78, 22.4, '2020-03-04 16:15:01'),
(2360, 78, 22.4, '2020-03-04 16:15:03'),
(2361, 78, 22.4, '2020-03-04 16:15:04'),
(2362, 78, 22.4, '2020-03-04 16:15:05'),
(2363, 78, 22.4, '2020-03-04 16:15:07'),
(2364, 78, 22.4, '2020-03-04 16:15:08'),
(2365, 78, 22.4, '2020-03-04 16:15:10'),
(2366, 78, 22.4, '2020-03-04 16:15:11'),
(2367, 78, 22.4, '2020-03-04 16:15:13'),
(2368, 78, 22.4, '2020-03-04 16:15:14'),
(2369, 78, 22.4, '2020-03-04 16:15:15'),
(2370, 78, 22.4, '2020-03-04 16:15:17'),
(2371, 78, 22.4, '2020-03-04 16:15:18'),
(2372, 78, 22.4, '2020-03-04 16:15:20'),
(2373, 78, 22.4, '2020-03-04 16:15:21'),
(2374, 78, 22.4, '2020-03-04 16:15:22'),
(2375, 78, 22.4, '2020-03-04 16:15:24'),
(2376, 78, 22.4, '2020-03-04 16:15:25'),
(2377, 78, 22.4, '2020-03-04 16:15:26'),
(2378, 78, 22.4, '2020-03-04 16:15:27'),
(2379, 78, 22.4, '2020-03-04 16:15:29'),
(2380, 78, 22.4, '2020-03-04 16:15:30'),
(2381, 78, 22.4, '2020-03-04 16:15:31'),
(2382, 78, 22.4, '2020-03-04 16:15:33'),
(2383, 78, 22.4, '2020-03-04 16:15:34'),
(2384, 78, 22.4, '2020-03-04 16:15:36'),
(2385, 78, 22.4, '2020-03-04 16:15:37'),
(2386, 78, 22.4, '2020-03-04 16:15:38'),
(2387, 78, 22.4, '2020-03-04 16:15:40'),
(2388, 78, 22.4, '2020-03-04 16:15:41'),
(2389, 78, 22.4, '2020-03-04 16:15:42'),
(2390, 78, 22.4, '2020-03-04 16:15:44'),
(2391, 78, 22.4, '2020-03-04 16:15:44'),
(2392, 78, 22.4, '2020-03-04 16:15:46'),
(2393, 78, 22.4, '2020-03-04 16:15:48'),
(2394, 78, 22.4, '2020-03-04 16:15:49'),
(2395, 78, 22.4, '2020-03-04 16:15:51'),
(2396, 78, 22.4, '2020-03-04 16:15:55'),
(2397, 78, 22.4, '2020-03-04 16:15:56'),
(2398, 78, 22.4, '2020-03-04 16:15:57'),
(2399, 78, 22.4, '2020-03-04 16:15:59'),
(2400, 78, 22.4, '2020-03-04 16:16:00'),
(2401, 78, 22.4, '2020-03-04 16:16:01'),
(2402, 78, 22.4, '2020-03-04 16:16:03'),
(2403, 78, 22.4, '2020-03-04 16:16:04'),
(2404, 78, 22.4, '2020-03-04 16:16:05'),
(2405, 78, 22.4, '2020-03-04 16:16:07'),
(2406, 78, 22.4, '2020-03-04 16:16:08'),
(2407, 78, 22.4, '2020-03-04 16:16:09'),
(2408, 78, 22.4, '2020-03-04 16:16:10'),
(2409, 78, 22.4, '2020-03-04 16:16:11'),
(2410, 78, 22.4, '2020-03-04 16:16:12');

--
-- Contenu de la table `food`
--

INSERT INTO `food` (`id`, `room_id`, `food_name`, `open_date`, `expiration_date`, `expire_after_open`, `quantity`) VALUES
(1, 3, 'banane', '2019-11-16 00:00:00', '2019-11-20 00:00:00', 3, 1),
(2, 3, 'carotte', '2019-11-16 00:00:00', '2019-11-28 00:00:00', 3, 5),
(3, 3, 'poireau', NULL, '2019-11-14 00:00:00', 2, 3),
(4, 3, 'danette', NULL, '2019-11-15 00:00:00', 5, 1),
(5, 3, 'croquette', NULL, '2021-01-05 00:00:00', 5, 780),
(6, 3, 'chouquette', '2019-11-16 05:13:11', '2019-11-29 00:00:00', 7, 2),
(7, 3, 'pate', NULL, '2019-11-28 00:00:00', 2, 7),
(8, 3, 'salade', NULL, '2019-11-30 00:00:00', 10, 4),
(9, 3, 'crevette', NULL, '2019-11-13 00:00:00', 21, 3),
(10, 3, 'thon', '2019-11-09 10:18:44', '2019-12-31 00:00:00', 6, 1),
(11, 7, 'steack', NULL, '2020-01-02 00:00:00', 3, 78),
(12, 7, 'donut', NULL, '2020-05-05 00:00:00', 4, 56),
(13, 7, 'frite', '2019-11-16 04:33:52', '2023-01-05 00:00:00', 11, 2),
(14, 7, 'glace', NULL, '2022-01-05 00:00:00', 14, 80),
(15, 7, 'nutella', '2019-11-13 16:53:12', '2021-01-05 00:00:00', 14, 8),
(16, 7, 'lardon', NULL, '2020-01-01 00:00:00', 7, 54),
(17, 7, 'beurre', NULL, '2020-03-05 00:00:00', 1, 5),
(18, 7, 'foie gras', NULL, '2020-04-05 00:00:00', 2, 40),
(19, 7, 'saucisson', '2019-11-15 10:14:51', '2020-05-05 00:00:00', 3, 999),
(20, 7, 'choucroute', NULL, '2020-06-05 00:00:00', 2, 1),
(21, 7, 'pepito', NULL, '2020-11-05 00:00:00', 9, 25),
(22, 7, 'rocher coco', NULL, '2020-01-01 00:00:00', 13, 69),
(23, 7, 'cookie', NULL, '2020-01-30 00:00:00', 21, 67),
(24, 7, 'big mac', '2019-11-17 18:41:12', '2020-01-01 00:00:00', 30, 182),
(25, 7, 'pizza', '2019-11-14 18:08:30', '2020-09-05 00:00:00', 21, 45),
(33, 3, 'qzdqzd', NULL, '2019-11-21 00:00:00', NULL, 1);

--
-- Contenu de la table `graphics`
--

INSERT INTO `graphics` (`id`, `graph_name`) VALUES
(1, 'avgTemp'),
(4, 'avgBulb'),
(5, 'colorBulbs');

--
-- Contenu de la table `logement`
--

INSERT INTO `logement` (`id`, `owner_id`) VALUES
(1, 1),
(2, 2),
(3, 20);

--
-- Contenu de la table `photo`
--

INSERT INTO `photo` (`id`, `camera_id`, `capture_date`, `photo_path`) VALUES
(9, 3, '2018-03-22 18:08:21', 'photo1'),
(10, 3, '2018-04-02 18:08:21', 'photo2'),
(11, 3, '2018-05-21 18:08:21', 'photo3'),
(12, 3, '2018-08-18 18:08:21', 'photo4'),
(13, 3, '2018-03-22 16:08:21', 'photo5'),
(14, 4, '2018-01-17 18:08:21', 'photo6'),
(15, 4, '2018-03-12 08:08:21', 'photo7'),
(16, 4, '2018-05-20 16:08:21', 'photo8'),
(52, 15, '2018-03-22 18:08:21', 'photo1'),
(53, 15, '2018-04-02 18:08:21', 'photo2'),
(54, 16, '2018-05-21 18:08:21', 'photo3'),
(55, 16, '2018-08-18 18:08:21', 'photo4');

--
-- Contenu de la table `role`
--

INSERT INTO `role` (`id`, `role_name`) VALUES
(1, 'Member'),
(2, 'Admin');

--
-- Contenu de la table `rooms`
--

INSERT INTO `rooms` (`id`, `room_name`, `home_id`, `room_description`) VALUES
(1, 'Salon', 1, 'Un très beau Salon'),
(2, 'Salle à manger', 1, 'FAIM !!!!'),
(3, 'Cuisine', 1, 'Toute équipée'),
(4, 'Chambre', 1, 'Peu d\'activité nocturne, ennuie total'),
(5, 'Salon', 2, 'Un très beau Salon'),
(6, 'Salle à manger', 2, 'FAIM !!!!'),
(7, 'Cuisine', 2, 'Toute équipée'),
(8, 'Chambre', 2, 'Peu d\'activité nocturne, ennuie total'),
(9, 'Garage', 2, '12 places'),
(10, 'Jardin', 2, '3 mètres carrés sans palmier'),
(164, 'Salon demo', 3, 'salon pour la demo javaDomo'),
(165, 'Etage demo', 3, 'etage pour la demo javaDomo');

--
-- Contenu de la table `temperature_sensors`
--

INSERT INTO `temperature_sensors` (`id`, `sensor_name`, `thermostat_id`, `room_id`, `status`, `capture_interval`, `max_temp`, `min_temp`) VALUES
(1, 'Capteur Salon 1', 1, 1, '1', 300, 24.5, 19.5),
(2, 'Capteur Salon 2', 1, 1, '1', 300, 24.5, 19.5),
(3, 'Capteur Salon 3', 1, 1, '1', 300, 24.5, 19.5),
(5, 'Capteur Salle à manger 2', 2, 2, '1', 300, 24.5, 19.5),
(6, 'Capteur Salle à manger 3', 2, 2, '1', 300, 24.5, 19.5),
(7, 'Capteur Cuisine 1', 3, 3, '1', 300, 24.5, 19.5),
(8, 'Capteur Cuisine 2', 3, 3, '1', 300, 24.5, 19.5),
(9, 'Capteur Cuisine 3', 3, 3, '1', 300, 24.5, 19.5),
(10, 'Capteur Chambre 1', 4, 4, '1', 300, 24.5, 19.5),
(11, 'Capteur Chambre 2', 4, 4, '1', 300, 24.5, 19.5),
(12, 'Capteur Chambre 3', 4, 4, '1', 300, 24.5, 19.5),
(13, 'Capteur Salon 4', 5, 5, 'on', 300, 24.5, 19.5),
(14, 'Capteur Salon 5', 5, 5, 'on', 300, 24.5, 19.5),
(15, 'Capteur Salle à manger 4', 6, 6, 'on', 300, 24.5, 19.5),
(16, 'Capteur Salle à manger 5', 6, 6, 'on', 300, 24.5, 19.5),
(17, 'Capteur Cuisine 4', 7, 7, 'on', 300, 24.5, 19.5),
(18, 'Capteur Cuisine 5', 7, 7, 'on', 300, 24.5, 19.5),
(19, 'Capteur Chambre 4', 8, 8, 'on', 300, 24.5, 19.5),
(20, 'Capteur Chambre 5', 8, 8, 'on', 300, 24.5, 19.5),
(21, 'Capteur Garage 1', 9, 9, 'on', 300, 24.5, 19.5),
(22, 'Capteur Garage 2', 9, 9, 'on', 300, 24.5, 19.5),
(23, 'Capteur Jardin 1', 10, 10, 'on', 300, 24.5, 19.5),
(24, 'Capteur Jardin 2', 10, 10, 'on', 300, 24.5, 19.5),
(36, 'Capteur Salon 4', 1, 1, 'on', 300, 24.5, 19.5),
(37, 'Capteur Salon 5', 1, 1, 'on', 300, 24.5, 19.5),
(38, 'Capteur Salle à manger 4', 2, 2, 'on', 300, 24.5, 19.5),
(39, 'Capteur Salle à manger 5', 2, 2, 'on', 300, 24.5, 19.5),
(40, 'Capteur Cuisine 4', 3, 3, 'on', 300, 24.5, 19.5),
(41, 'Capteur Cuisine 5', 3, 3, 'on', 300, 24.5, 19.5),
(42, 'Capteur Chambre 4', 4, 4, 'on', 300, 24.5, 19.5),
(43, 'Capteur Chambre 5', 4, 4, 'on', 300, 24.5, 19.5),
(77, 'sefsef', 29, 1, 'on', 1, 1, 1),
(78, 'capteur temperature', 30, 165, 'on', 1, 30, 15);

--
-- Contenu de la table `thermostats`
--

INSERT INTO `thermostats` (`id`, `thermostat_name`, `room_id`, `status`, `target`, `margin`) VALUES
(1, 'thermostat salon L2', 1, 'on', 21, 1),
(2, 'thermostat salle à manger L2', 2, 'on', 20.5, 1),
(3, 'thermostat cuisine L2', 3, 'on', 20.5, 1),
(4, 'thermostat chambre L2', 4, 'on', 19.5, 0.5),
(5, 'thermostat salon L2', 5, 'on', 21, 1),
(6, 'thermostat salle à manger L2', 6, 'on', 20.5, 1),
(7, 'thermostat cuisine L2', 7, 'on', 20.5, 1),
(8, 'thermostat chambre L2', 8, 'on', 19.5, 0.5),
(9, 'thermostat garage L2', 9, 'on', 18, 4),
(10, 'thermostat jardin L2', 10, 'on', 10, 20),
(29, 'srgdrg', 1, 'off', 1, 20),
(30, 'thermostat etage', 165, 'on', 18, 2);

--
-- Contenu de la table `users`
--

INSERT INTO `users` (`id`, `firstName`, `lastName`, `password`, `user_email`, `user_phone`, `user_address`, `user_postalcode`, `user_role`, `home_id`) VALUES
(1, 'Brillant', 'Lecharpentier', 'skfgsiugdsoirghdsriu56O576', 'bobotete@hotmail.fr', '06542971', '33 boulevard de la Libération', 75008, 2, 1),
(2, 'Coco', 'Valloins', 'coding', 'coco@hotmail.fr', '0750291719', '103 rue du bien heureux', 78390, 2, 2),
(3, 'Roxane', 'Souris', '08Tcsrsfs3', 'boboretine@gmail.com', '0950101719', '15 rue du malheureux', 13003, 1, 1),
(4, 'Antony', 'Correia', 'olseTV31ns', 'bobomusclor@musclor.net', '0621261719', '83 impasse de la prot', 95123, 1, 2),
(5, 'Fransceco', 'Hartman', 'skfggukhfgs356O576', 'boboparisien@paris.fr', '0750238119', '20 rue de la bouclette', 75001, 1, 2),
(6, 'Maxence', 'Lavenue', 'skfyuse4356O576', 'bobocrane@gmail.fr', '0650222719', '20 rue du petit génie', 77390, 1, 2),
(7, 'az', 'Azer', 'azerty', 'azerty@hotmail.fr', '06542971', '33 boulevard de la Libération', 75008, 2, 1),
(16, 'coco', 'xoxo', 'codinggegege', 'coco@gmail.com', '0573567889', '14 rez er', 78390, 2, 1),
(20, 'Corentin', 'Vallois', 'coding', 'demoItesciaCorentin@gmail.com', '0699034698', 'coding factory', 0, 2, 3),
(21, 'Brian', 'Lecarpentier', 'coding', 'demoItesciaBrian@gmail.com', '0600034698', 'coding factory', 0, 2, 3);

/*!40101 SET CHARACTER_SET_CLIENT=@OLD_CHARACTER_SET_CLIENT */;
/*!40101 SET CHARACTER_SET_RESULTS=@OLD_CHARACTER_SET_RESULTS */;
/*!40101 SET COLLATION_CONNECTION=@OLD_COLLATION_CONNECTION */;
